0;1;2;3;4;5;6;7;8;9;10;
-70.0905;-69.8801;-17.1302;-5.71741;-43.4874;-41.9744;77.451;-69.6929;-56.5206;-52.4916;-39.4861;
-70.0905;-69.8801;-15.9957;107.098;-44.2143;-41.7393;332.761;-68.3574;-52.6713;-52.1928;-36.7719;
-70.0905;770.387;-52.3159;-73.2665;-62.8996;-48.2901;-70.1684;-66.1154;-66.3789;-59.3795;-41.2544;
-70.0905;2030.05;-65.1323;-72.1487;-56.2343;-52.4336;-70.1684;-67.538;-73.9912;-64.6501;-49.9181;
-70.0905;-69.8801;-23.7925;501.078;-41.9312;-41.2439;1182.13;-68.8135;-64.8988;-51.9584;-44.3661;
-70.0905;-69.8801;-16.6571;1069.9;-43.2071;-40.997;2546.07;-67.5386;-56.7477;-51.2429;-37.9159;
-70.0905;969.605;-46.8551;-74.0615;-57.956;-43.4562;-70.1684;-64.0624;-65.1308;-52.5788;-39.77;
-70.0905;1258.81;-65.3239;-72.6124;-63.1241;-50.984;-70.1684;-61.9206;-74.2031;-62.9307;-48.9637;
-70.0905;2086.6;-68.3852;-71.9946;-56.2647;-53.3615;-70.1684;-64.5625;-77.1199;-65.5521;-53.1405;
-70.0905;-69.8801;-24.3202;878.755;-42.0607;-41.2035;2003.69;-67.1769;-66.9043;-51.928;-45.6658;
-70.0905;-69.8801;-16.6939;1236.91;-42.9569;-40.8755;2937.35;-67.6137;-57.8002;-51.0997;-38.1982;
-70.0905;854.226;-46.4621;-74.1469;-57.8279;-43.0493;-70.1684;-65.4257;-65.3074;-52.0117;-39.7209;
-70.0905;1263.26;-65.0126;-72.6013;-62.3619;-50.7283;-70.1684;-64.7642;-74.1781;-62.6576;-48.8945;
-70.0905;568.178;-71.3128;-72.4383;-66.7613;-54.388;-70.1684;-68.4409;-78.4219;-66.2349;-53.1614;
-70.0905;-69.8801;-25.1694;763.905;-41.4741;-41.2244;1741.48;-70.3832;-68.5003;-52.0267;-46.3437;
-70.0905;-69.8801;-16.7205;1042.57;-42.4611;-40.7583;2499.93;-69.4731;-58.3527;-50.9594;-38.3617;
-70.0905;798.702;-46.9925;-74.1203;-58.4258;-43.4057;-70.1684;-65.9853;-65.6878;-52.5118;-39.9004;
-70.0905;1193.72;-65.3735;-72.6095;-63.0366;-50.9455;-70.1684;-64.2192;-74.4415;-62.8904;-49.0262;
-70.0905;423.993;-71.7735;-72.4673;-68.1018;-54.6347;-70.1684;-67.5008;-78.6571;-66.4211;-53.2233;
-68.5278;-69.8801;-25.3436;692.227;-41.4486;-41.239;1583.6;-70.6389;-68.7746;-52.0583;-46.4643;
-70.0905;-69.8801;-16.7284;1004.2;-42.3621;-40.7386;2412.94;-69.8804;-58.4518;-50.9367;-38.392;
-70.0905;1386.67;-46.3459;-73.9601;-55.156;-43.222;-70.1684;-64.5928;-64.8602;-52.3281;-39.8181;
-70.0905;1438.32;-64.5439;-72.5761;-61.6564;-50.6415;-70.1684;-61.7736;-73.7481;-62.5739;-48.8595;
-70.0905;1550.06;-69.3031;-72.2044;-60.0712;-53.6246;-70.1684;-64.8462;-77.4844;-65.695;-53.1002;
-70.0905;-69.8801;-24.6219;1105.76;-41.8797;-41.2055;2493.9;-68.1239;-67.4765;-51.9531;-45.8916;
-70.0905;-69.8801;-16.6966;1338.17;-42.7242;-40.8275;3174.51;-68.5676;-57.9743;-51.0422;-38.2528;
-70.0905;976.185;-46.0172;-74.1321;-56.6837;-42.7781;-70.1684;-65.9646;-64.9795;-51.6559;-39.637;
-70.0905;1185.94;-64.9191;-72.6318;-62.8382;-50.6377;-70.1684;-64.8342;-74.0352;-62.5415;-48.8063;
-70.0905;344.816;-71.7098;-72.482;-68.4641;-54.5096;-70.1684;-68.8204;-78.5069;-66.3129;-53.1372;
-69.5803;-69.8801;-25.3155;684.964;-41.4478;-41.2311;1568.48;-70.6389;-68.6901;-52.0444;-46.4342;
-70.0905;-69.8801;-16.7243;983.96;-42.3583;-40.7409;2366.2;-69.9554;-58.4006;-50.939;-38.3848;
-70.0905;918.831;-46.984;-74.0684;-57.7593;-43.4703;-70.1684;-66.1117;-65.5516;-52.6205;-39.9258;
-70.0905;1326.22;-65.0357;-72.5714;-61.9861;-50.8462;-70.1684;-64.2995;-74.2268;-62.802;-49.0108;
-70.0905;274.969;-71.7967;-72.4941;-69.0901;-54.6235;-70.1684;-67.7832;-78.5955;-66.3995;-53.2089;
-70.0168;-69.8801;-25.3424;797.923;-41.4465;-41.2464;1811.8;-70.6389;-68.7877;-52.0701;-46.4784;
-70.0905;-69.8801;-16.7239;1153.8;-42.3294;-40.7358;2758.29;-70.0643;-58.4407;-50.9337;-38.3947;
-70.0905;1012.69;-46.3415;-74.0931;-56.6661;-43.044;-70.1684;-66.3971;-65.1596;-52.0359;-39.7655;
-70.0905;1225.08;-64.9353;-72.613;-62.5992;-50.7116;-70.1684;-64.564;-74.0784;-62.6326;-48.8802;
-70.0905;249.398;-71.8612;-72.4994;-69.2687;-54.5993;-70.1684;-68.2632;-78.5688;-66.3771;-53.1648;
-69.7846;-69.8801;-25.3679;808.212;-41.4518;-41.242;1834.14;-70.6389;-68.7911;-52.0637;-46.4803;
-70.0905;-69.8801;-16.7331;1030.75;-42.3739;-40.7392;2473.9;-69.8007;-58.4685;-50.9375;-38.3962;
-70.0905;1052.41;-46.6639;-74.0521;-56.8521;-43.2978;-70.1684;-65.8415;-65.3036;-52.3946;-39.8592;
-70.0905;1349.4;-64.8455;-72.5769;-61.8898;-50.7423;-70.1684;-63.7656;-74.0618;-62.6852;-48.9395;
-70.0905;259.537;-71.7891;-72.5019;-69.3334;-54.5908;-70.1684;-67.0539;-78.5404;-66.3695;-53.1802;
-70.0905;-69.8801;-25.3732;864.296;-41.5707;-41.2547;1954.68;-69.9669;-68.8287;-52.0785;-46.4801;
-70.0905;-69.8801;-16.7503;1085.2;-42.4755;-40.7488;2598.16;-69.1796;-58.5677;-50.9502;-38.3973;
-70.0905;1077.05;-46.4998;-74.0677;-56.6573;-43.1701;-70.1684;-65.4898;-65.2649;-52.2177;-39.8156;
-70.0905;1306.74;-64.878;-72.595;-62.2305;-50.7205;-70.1684;-63.6116;-74.0768;-62.6519;-48.909;
-70.0905;244.586;-71.8584;-72.5046;-69.4791;-54.6056;-70.1684;-67.0633;-78.5687;-66.3799;-53.1725;
-70.0905;-69.8801;-25.3969;1012.73;-41.6047;-41.2574;2275.41;-69.78;-68.8736;-52.0822;-46.4918;
-70.0905;-69.8801;-16.7618;1119.82;-42.5334;-40.7527;2677.16;-68.8223;-58.6321;-50.9551;-38.401;
-70.0905;1114.49;-46.4097;-74.0778;-56.5481;-43.0942;-70.1684;-64.7705;-65.254;-52.113;-39.7923;
-70.0905;1309.13;-64.9394;-72.6106;-62.5741;-50.7225;-70.1684;-62.198;-74.109;-62.646;-48.8946;
-70.0905;312.109;-71.8863;-72.5015;-69.3622;-54.6134;-70.1684;-65.1077;-78.5889;-66.3876;-53.1702;
-70.0905;-69.8801;-25.3702;829.196;-41.4697;-41.2455;1879.27;-70.5216;-68.8143;-52.0686;-46.4862;
-70.0905;-69.8801;-16.726;1335.25;-42.3154;-40.7333;3177.22;-70.1278;-58.4523;-50.9308;-38.3973;
-70.0905;1287.85;-45.6306;-74.0668;-54.9462;-42.6077;-70.1684;-65.0763;-64.6172;-51.462;-39.6092;
-70.0905;1937.41;-63.312;-72.4482;-58.1152;-50.0011;-70.1684;-61.6356;-73.1006;-61.9162;-48.6506;
-70.0905;456.613;-70.7589;-72.4964;-68.0796;-53.9729;-70.1684;-64.1718;-77.8945;-65.8604;-53.0148;
-70.0905;-69.8801;-25.1944;1101.18;-41.7643;-41.2278;2472.91;-69.0067;-68.4135;-52.0174;-46.2789;
-70.0905;-69.8801;-16.7308;1387.65;-42.4635;-40.7634;3294.4;-69.4819;-58.3537;-50.9671;-38.3502;
-70.0905;1178.57;-45.6186;-74.091;-55.2926;-42.5628;-70.1684;-65.9168;-64.6664;-51.3904;-39.586;
-70.0905;1409.83;-64.3089;-72.5926;-61.4058;-50.3677;-70.1684;-63.6045;-73.6457;-62.2605;-48.701;
-70.0905;381.094;-71.3966;-72.488;-68.3613;-54.3148;-70.1684;-67.1178;-78.2851;-66.1509;-53.0788;
-70.0905;-69.8801;-25.2669;884.072;-41.5545;-41.2289;2000.73;-70.0638;-68.5838;-52.0333;-46.3766;
-70.0905;-69.8801;-16.7303;1097.4;-42.4289;-40.7522;2626.53;-69.5984;-58.397;-50.9528;-38.372;
-70.0905;1052.74;-46.4571;-74.0675;-56.6264;-43.1528;-70.1684;-66.0904;-65.1796;-52.1917;-39.7973;
-70.0905;1322.42;-64.7889;-72.5855;-61.9512;-50.6871;-70.1684;-64.2594;-74.0056;-62.6199;-48.8941;
-70.0905;296.868;-71.6935;-72.4938;-68.927;-54.5345;-70.1684;-67.7754;-78.4926;-66.3279;-53.162;
-70.0905;-69.8801;-25.3253;850.337;-41.4896;-41.2424;1925.83;-70.4073;-68.729;-52.0607;-46.4493;
-70.0905;-69.8801;-16.73;1146.08;-42.3836;-40.743;2739.63;-69.7789;-58.4445;-50.9422;-38.3885;
-70.0905;952.328;-46.4655;-74.1103;-57.1248;-43.0952;-70.1684;-66.2027;-65.2994;-52.0984;-39.787;
-70.0905;1264.84;-64.9542;-72.6022;-62.3868;-50.7224;-70.1684;-64.368;-74.137;-62.6504;-48.9055;
-70.0905;223.981;-71.8924;-72.504;-69.4871;-54.6117;-70.1684;-67.9942;-78.599;-66.3848;-53.1738;
-69.3953;-69.8801;-25.3946;749.103;-41.4568;-41.2429;1705.88;-70.6389;-68.8361;-52.0659;-46.4951;
-70.0905;-69.8801;-16.736;1057.49;-42.3703;-40.737;2535.81;-69.7934;-58.4934;-50.935;-38.4002;
-70.0905;1132.16;-46.5191;-74.0472;-56.4638;-43.2136;-70.1684;-65.2012;-65.1986;-52.2836;-39.8279;
-70.0905;1377.05;-64.8032;-72.5852;-61.9925;-50.7097;-70.1684;-62.5064;-74.0101;-62.6449;-48.9089;
-70.0905;316.614;-71.7653;-72.4998;-69.2082;-54.572;-70.1684;-65.4589;-78.5165;-66.3553;-53.1687;
-70.0905;-69.8801;-25.3712;1041.99;-41.6063;-41.2556;2339.26;-69.7683;-68.8204;-52.0781;-46.4722;
-70.0905;-69.8801;-16.7487;1321.03;-42.4593;-40.7479;3141.89;-69.2737;-58.5601;-50.9493;-38.3957;
-70.0905;1212.47;-45.7596;-74.0859;-55.3945;-42.6596;-70.1684;-65.2075;-64.7973;-51.5256;-39.6338;
-70.0905;1399.49;-64.4496;-72.6014;-61.751;-50.4408;-70.1684;-62.5913;-73.7512;-62.338;-48.7397;
-70.0905;281.39;-71.6885;-72.5093;-69.4024;-54.4484;-70.1684;-65.7546;-78.4132;-66.2501;-53.1013;
-70.0905;-69.8801;-25.3501;911.566;-41.5201;-41.2373;2058.56;-70.2859;-68.7302;-52.0518;-46.4448;
-70.0905;-69.8801;-16.7217;1318.36;-42.2934;-40.7341;3138.18;-70.306;-58.4001;-50.9317;-38.3881;
-70.0905;1127.52;-45.7747;-74.0892;-55.5279;-42.6773;-70.1684;-66.6542;-64.7458;-51.5449;-39.6319;
-70.0905;1438.67;-64.2325;-72.568;-60.9201;-50.3653;-70.1684;-64.6973;-73.6259;-62.2704;-48.7307;
-70.0905;181.656;-71.581;-72.5158;-69.5718;-54.3872;-70.1684;-68.6135;-78.337;-66.1969;-53.089;
-69.6758;-69.8801;-25.3419;736.233;-41.4673;-41.2297;1679.41;-70.6389;-68.6776;-52.0415;-46.4325;
-70.0905;-69.8801;-16.7239;1067.64;-42.3274;-40.7383;2559.49;-70.1433;-58.3794;-50.936;-38.3853;
-70.0905;867.402;-46.7897;-74.1082;-57.8136;-43.3018;-70.1684;-66.3654;-65.4996;-52.3766;-39.8629;
-70.0905;1292.38;-65.0483;-72.5854;-62.1952;-50.8039;-70.1684;-64.5046;-74.2345;-62.7487;-48.9734;
-70.0905;196.195;-71.9336;-72.5061;-69.6527;-54.6547;-70.1684;-68.1397;-78.6422;-66.4183;-53.1991;
-69.1669;-69.8801;-25.4156;740.239;-41.4592;-41.2471;1686.23;-70.6389;-68.8812;-52.0735;-46.5132;
-70.0905;-69.8801;-16.7397;1039.42;-42.3772;-40.7362;2494.11;-69.7248;-58.5238;-50.9343;-38.4047;
-70.0905;1240.98;-46.4498;-74.0166;-55.9582;-43.2094;-70.1684;-64.7073;-65.0875;-52.2904;-39.8248;
-70.0905;1478.88;-64.5972;-72.5671;-61.4706;-50.6388;-70.1684;-61.5827;-73.8677;-62.5759;-48.8848;
-70.0905;1577.48;-69.2413;-72.1959;-59.8976;-53.59;-70.1684;-64.6489;-77.4966;-65.6681;-53.1082;
-70.0905;-69.8801;-24.5955;1053.66;-41.839;-41.1986;2381.34;-68.3264;-67.4453;-51.9432;-45.8786;
-70.0905;-69.8801;-16.6858;1350.98;-42.6752;-40.8237;3204.79;-68.8685;-57.9222;-51.0372;-38.2488;
-70.0905;1016.68;-45.9037;-74.1168;-56.301;-42.7305;-70.1684;-66.3368;-64.8408;-51.5971;-39.6144;
-70.0905;1184.87;-64.8228;-72.6306;-62.7176;-50.5983;-70.1684;-65.2568;-73.9418;-62.4983;-48.7782;
-70.0905;121.71;-71.9935;-72.5173;-70.0498;-54.6083;-70.1684;-69.5861;-78.5637;-66.3752;-53.1299;
-69.4945;-69.8801;-25.432;760.993;-41.4636;-41.2431;1731.21;-70.6389;-68.8584;-52.0672;-46.509;
-70.0905;-69.8801;-16.7502;953.384;-42.4402;-40.7423;2294.94;-69.3744;-58.5466;-50.9413;-38.4048;
-70.0905;935.726;-47.1601;-74.0706;-58.0957;-43.5585;-70.1684;-64.7965;-65.7406;-52.7422;-39.9746;
-70.0905;1370.06;-65.181;-72.5764;-62.2389;-50.9139;-70.1684;-62.1574;-74.3543;-62.8732;-49.0536;
-70.0905;280.894;-71.9725;-72.5035;-69.6096;-54.7091;-70.1684;-64.8326;-78.6932;-66.4632;-53.2301;
-69.4073;-69.8801;-25.4116;841.911;-41.4538;-41.2522;1905.9;-70.6389;-68.9033;-52.082;-46.524;
-69.9857;-69.8801;-16.7222;1331.92;-42.2212;-40.7214;3170.86;-70.6389;-58.4513;-50.917;-38.4061;
-70.0905;1527.33;-45.3473;-74.0016;-53.6779;-42.5124;-70.1684;-64.3558;-64.2506;-51.3601;-39.5681;
-70.0905;2433.87;-62.183;-72.3038;-55.2945;-49.5679;-70.1684;-59.2433;-72.3019;-61.4808;-48.5212;
-70.0905;2269.06;-66.3503;-71.9863;-55.4477;-52.1454;-70.1684;-60.9833;-75.5891;-64.4063;-52.8145;
-70.0905;-69.8801;-23.9763;1139.88;-42.1202;-41.1458;2585.32;-67.2985;-65.8854;-51.8134;-45.2883;
-70.0905;-69.8801;-16.638;1800.19;-42.8525;-40.9082;4229.9;-68.8457;-57.1607;-51.1358;-38.1093;
-70.0905;1101.18;-45.0168;-74.1191;-55.3392;-42.126;-70.1684;-65.3648;-64.2318;-50.7714;-39.3631;
-70.0905;2153.99;-62.5931;-72.3691;-56.1998;-49.6164;-70.1684;-63.0005;-72.6248;-61.509;-48.4707;
-70.0905;543.822;-70.0645;-72.476;-66.8096;-53.5807;-70.1684;-66.3218;-77.4847;-65.5292;-52.9112;
-70.0905;-69.8801;-24.9856;1006.36;-41.5357;-41.1813;2273.87;-70.3008;-67.945;-51.9445;-46.1187;
-70.0905;-69.8801;-16.6947;1176.14;-42.4313;-40.7751;2806.94;-69.9929;-58.025;-50.9773;-38.3091;
-70.0905;1091.88;-46.1749;-74.0649;-56.1329;-42.9928;-70.1684;-66.4544;-64.8758;-51.9715;-39.7125;
-70.0905;1278.33;-64.7281;-72.6009;-62.161;-50.639;-70.1684;-64.6187;-73.8788;-62.5587;-48.83;
-70.0905;312.617;-71.6573;-72.4905;-68.7447;-54.5071;-70.1684;-68.2605;-78.4362;-66.3073;-53.1387;
-70.0905;-69.8801;-25.3102;772.454;-41.4811;-41.2391;1757.55;-70.4582;-68.675;-52.055;-46.4332;
-70.0905;-69.8801;-16.7479;946.214;-42.5335;-40.7585;2277.19;-68.9515;-58.4955;-50.9604;-38.3854;
-70.0905;1106.01;-46.9591;-74.0228;-57.1162;-43.5041;-70.1684;-64.4891;-65.4803;-52.6864;-39.9409;
-70.0905;1439.93;-64.9065;-72.5627;-61.7416;-50.8135;-70.1684;-61.8718;-74.1316;-62.7706;-49.0001;
-70.0905;1181.06;-70.2121;-72.3126;-62.7936;-54.016;-70.1684;-64.9814;-77.9946;-65.9838;-53.1741;
-70.0905;-69.8801;-24.8449;964.984;-41.6232;-41.2107;2183.36;-69.464;-67.9451;-51.9841;-46.1012;
-70.0905;-69.8801;-16.6932;1314.13;-42.5341;-40.7888;3123.42;-69.3832;-58.0973;-50.9954;-38.3015;
-70.0905;1191.2;-45.8022;-74.0789;-55.5453;-42.7168;-70.1684;-65.3395;-64.7006;-51.5972;-39.6187;
-70.0905;1500.75;-64.2496;-72.5671;-60.9373;-50.3874;-70.1684;-62.9372;-73.6136;-62.2957;-48.7305;
-70.0905;358.737;-71.4083;-72.4962;-68.6813;-54.3314;-70.1684;-66.0833;-78.2759;-66.1609;-53.0864;
-70.0905;-69.8801;-25.2802;910.726;-41.5441;-41.2317;2058.11;-70.1438;-68.5986;-52.0387;-46.388;
-70.0905;-69.8801;-16.7166;1303.65;-42.3164;-40.7414;3103.65;-70.2508;-58.3409;-50.9401;-38.3741;
-70.0905;971.451;-46.0119;-74.1282;-56.472;-42.7777;-70.1684;-66.9531;-64.9958;-51.6631;-39.669;
-70.0905;1309.01;-64.6256;-72.5954;-61.8082;-50.5239;-70.1684;-65.2372;-73.904;-62.434;-48.7988;
-70.0905;221.71;-71.6975;-72.5032;-69.2348;-54.4722;-70.1684;-69.2725;-78.4643;-66.2723;-53.1255;
-68.7279;-69.8801;-25.3762;612.861;-41.4677;-41.231;1411.86;-70.6389;-68.7487;-52.0451;-46.4556;
-70.0905;-69.8801;-16.7288;935.435;-42.3321;-40.7359;2254.67;-70.0706;-58.4233;-50.9332;-38.3913;
-70.0905;889.842;-47.2151;-74.0634;-58.1892;-43.6085;-70.1684;-65.7027;-65.711;-52.8106;-39.9857;
-70.0905;1141.17;-65.5469;-72.6208;-63.5858;-51.0712;-70.1684;-63.4496;-74.4979;-63.0201;-49.0798;
-70.0905;140.631;-72.3454;-72.5149;-70.435;-54.8993;-70.1684;-66.8205;-78.8463;-66.6071;-53.2555;
-69.3451;-69.8801;-25.5072;798.05;-41.4566;-41.2667;1808.96;-70.6389;-69.0651;-52.109;-46.599;
-70.002;-69.8801;-16.7313;1273.1;-42.2038;-40.7144;3035.56;-70.6389;-58.5352;-50.9094;-38.4249;
-70.0905;1214.91;-45.7592;-74.0614;-55.1179;-42.707;-70.1684;-66.4101;-64.6854;-51.5975;-39.6484;
-70.0905;1471.7;-64.162;-72.5642;-60.8243;-50.3535;-70.1684;-64.016;-73.561;-62.2589;-48.7253;
-70.0905;115.481;-71.6859;-72.5302;-70.2315;-54.43;-70.1684;-67.6743;-78.3484;-66.2249;-53.0872;
-69.7164;-69.8801;-25.3855;820.136;-41.4737;-41.2357;1860.27;-70.6389;-68.7374;-52.0523;-46.4615;
-70.0905;-69.8801;-16.7386;1008.31;-42.3954;-40.7425;2421.8;-69.7061;-58.4531;-50.9412;-38.3932;
-70.0905;1137.51;-46.6358;-74.0242;-56.4715;-43.3165;-70.1684;-65.4665;-65.2166;-52.4307;-39.8631;
-70.0905;1323.33;-64.894;-72.5898;-62.2279;-50.7739;-70.1684;-63.0877;-74.046;-62.7131;-48.936;
-70.0905;260.11;-71.8695;-72.5047;-69.5046;-54.6353;-70.1684;-66.2715;-78.5582;-66.4039;-53.1823;
-70.0905;-69.8801;-25.4139;1039.52;-41.6778;-41.2671;2332.4;-69.3847;-68.9029;-52.0949;-46.4996;
-70.0905;-69.8801;-16.7643;1204.1;-42.5225;-40.7518;2871.41;-68.8588;-58.6556;-50.9548;-38.4034;
-70.0905;1129.82;-46.1393;-74.0888;-56.1327;-42.9051;-70.1684;-65.221;-65.0936;-51.8546;-39.725;
-70.0905;1241.94;-64.8953;-72.6277;-62.8182;-50.6617;-70.1684;-63.0506;-74.0473;-62.57;-48.8392;
-70.0905;213.079;-71.9994;-72.5131;-69.891;-54.6335;-70.1684;-66.4285;-78.6036;-66.3977;-53.1528;
-70.0905;-69.8801;-25.4098;885.811;-41.4688;-41.2467;2001.25;-70.5557;-68.864;-52.0721;-46.5086;
-70.0905;-69.8801;-16.7301;1276.15;-42.3091;-40.7307;3040.91;-70.1336;-58.4774;-50.9277;-38.4033;
-70.0905;1129.61;-45.9077;-74.0913;-55.7606;-42.7598;-70.1684;-66.0631;-64.8647;-51.656;-39.6668;
-70.0905;1426.84;-64.3955;-72.579;-61.3;-50.443;-70.1684;-63.627;-73.7416;-62.352;-48.7671;
-70.0905;252.678;-71.6166;-72.5086;-69.34;-54.4239;-70.1684;-67.0367;-78.3864;-66.2305;-53.1069;
-69.5425;-69.8801;-25.3414;861.977;-41.4637;-41.2308;1951.76;-70.6389;-68.6915;-52.0435;-46.437;
-70.0905;-69.8801;-16.7187;1169.83;-42.2894;-40.7344;2795.55;-70.3607;-58.3656;-50.9314;-38.386;
-70.0905;1196.44;-46.0529;-74.0448;-55.5419;-42.9315;-70.1684;-66.1297;-64.813;-51.9024;-39.7129;
-70.0905;1445.24;-64.3572;-72.5654;-61.1152;-50.4849;-70.1684;-63.7411;-73.681;-62.4056;-48.7916;
-70.0905;258.302;-71.5745;-72.5073;-69.2699;-54.432;-70.1684;-67.093;-78.3494;-66.2382;-53.1132;
-70.0905;-69.8801;-25.3306;912.616;-41.5418;-41.2411;2060.83;-70.1732;-68.6899;-52.0558;-46.4313;
-70.0905;-69.8801;-16.7316;1243.46;-42.3821;-40.7444;2964.06;-69.8061;-58.43;-50.9441;-38.3852;
-70.0905;878.387;-46.3187;-74.151;-57.3228;-42.9384;-70.1684;-66.4435;-65.2986;-51.8715;-39.7361;
-70.0905;1160.17;-65.1219;-72.6327;-63.1059;-50.7377;-70.1684;-64.6705;-74.2313;-62.6513;-48.8853;
-70.0905;163.276;-72.0901;-72.5112;-69.9387;-54.681;-70.1684;-68.496;-78.6906;-66.4363;-53.1753;
-67.8609;-69.8801;-25.498;561.744;-41.4758;-41.2439;1299.6;-70.6389;-68.9657;-52.0706;-46.5434;
-70.0905;-69.8801;-16.7298;989.206;-42.2239;-40.718;2380.19;-70.5762;-58.4897;-50.9128;-38.4131;
-70.0905;1168.93;-46.6583;-74.0137;-56.3699;-43.3433;-70.1684;-65.2851;-65.1995;-52.472;-39.8775;
-70.0905;1443.35;-64.7167;-72.5648;-61.5799;-50.7144;-70.1684;-62.2124;-73.9522;-62.6605;-48.933;
-70.0905;222.553;-71.8537;-72.5161;-69.9341;-54.6142;-70.1684;-65.1544;-78.523;-66.3815;-53.1755;
-70.0905;-69.8801;-25.4403;1068.67;-41.7363;-41.2725;2394.7;-69.1036;-68.9404;-52.1015;-46.5087;
-70.0905;-69.8801;-16.7606;1283.54;-42.4603;-40.7453;3055.24;-69.183;-58.6527;-50.9477;-38.4061;
-70.0905;1129.02;-45.8939;-74.0941;-55.7392;-42.7371;-70.1684;-66.0313;-64.9266;-51.6269;-39.6657;
-70.0905;1257.49;-64.673;-72.6192;-62.3549;-50.5393;-70.1684;-64.3393;-73.8987;-62.4386;-48.7794;
-70.0905;111.149;-71.9712;-72.5243;-70.2986;-54.5847;-70.1684;-68.3359;-78.5484;-66.3529;-53.1259;
-70.0085;-69.8801;-25.423;746.894;-41.4622;-41.2434;1700.69;-70.6389;-68.8584;-52.0675;-46.5078;
-70.0905;-69.8801;-16.7337;1112.18;-42.3255;-40.7319;2662.54;-70.0411;-58.4822;-50.929;-38.4036;
-70.0905;861.512;-46.6702;-74.1251;-57.7248;-43.2006;-70.1684;-66.4078;-65.4831;-52.235;-39.8335;
-70.0905;1236.21;-65.1088;-72.603;-62.5718;-50.7981;-70.1684;-64.6405;-74.2673;-62.7331;-48.9544;
-70.0905;139.618;-72.0673;-72.5141;-70.0805;-54.699;-70.1684;-68.4018;-78.695;-66.4495;-53.197;
-68.4242;-69.8801;-25.4802;646.957;-41.4701;-41.2489;1483.77;-70.6389;-68.9657;-52.0783;-46.5458;
-70.0905;-69.8801;-16.7266;1054.95;-42.2177;-40.7181;2531.86;-70.6139;-58.4853;-50.913;-38.4129;
-70.0905;1130.66;-46.4689;-74.0385;-56.2715;-43.1985;-70.1684;-65.9123;-65.1172;-52.2662;-39.8217;
-70.0905;1439.06;-64.5824;-72.56;-61.3024;-50.6263;-70.1684;-63.3579;-73.8756;-62.5657;-48.8886;
-70.0905;226.668;-71.722;-72.5113;-69.6058;-54.5331;-70.1684;-66.6366;-78.4589;-66.3185;-53.1544;
-70.0905;-69.8801;-25.3793;1025.73;-41.5997;-41.2544;2304.05;-69.8442;-68.8117;-52.0765;-46.4724;
-70.0905;-69.8801;-16.752;1158.5;-42.4777;-40.7497;2766.84;-69.1748;-58.5641;-50.9514;-38.3961;
-70.0905;1201.25;-46.1405;-74.0541;-55.7612;-42.962;-70.1684;-65.2956;-64.9763;-51.9431;-39.7354;
-70.0905;1358.68;-64.6343;-72.5961;-61.9644;-50.5886;-70.1684;-62.9586;-73.8729;-62.5054;-48.8248;
-70.0905;226.541;-71.8252;-72.5135;-69.7451;-54.5542;-70.1684;-66.2335;-78.4923;-66.3341;-53.1373;
-70.0905;-69.8801;-25.4023;916.143;-41.6042;-41.2541;2066.62;-69.8184;-68.8455;-52.0769;-46.4842;
-70.0905;-69.8801;-16.7525;1188.2;-42.4595;-40.7466;2835.8;-69.2576;-58.5743;-50.9477;-38.3992;
-70.0905;1040.34;-46.2764;-74.1051;-56.6244;-42.9744;-70.1684;-65.6253;-65.1994;-51.9401;-39.749;
-70.0905;1197.64;-65.0284;-72.6307;-63.0288;-50.7237;-70.1684;-63.6358;-74.143;-62.6367;-48.8728;
-70.0905;181.119;-72.0752;-72.5137;-70.0105;-54.6791;-70.1684;-67.234;-78.6568;-66.4338;-53.1688;
-69.5617;-69.8801;-25.4405;868.418;-41.4582;-41.2479;1963.22;-70.6389;-68.9104;-52.0758;-46.5287;
-70.0905;-69.8801;-16.7317;1196.73;-42.2946;-40.7274;2857.91;-70.1915;-58.4943;-50.9239;-38.4084;
-70.0905;1107.19;-46.1309;-74.0836;-56.0946;-42.9191;-70.1684;-65.9522;-65.0003;-51.873;-39.7234;
-70.0905;1373.25;-64.6099;-72.5893;-61.7655;-50.5623;-70.1684;-63.4152;-73.8783;-62.4798;-48.8229;
-70.0905;257.871;-71.7339;-72.5072;-69.4199;-54.507;-70.1684;-66.6096;-78.4662;-66.299;-53.134;
-69.8287;-69.8801;-25.3537;861.961;-41.4579;-41.2372;1951.05;-70.6389;-68.7404;-52.0548;-46.4593;
-70.0905;-69.8801;-16.7159;1255.26;-42.2582;-40.7302;2993.17;-70.5169;-58.3755;-50.9266;-38.3908;
-70.0905;1161.05;-45.8711;-74.0692;-55.4712;-42.7759;-70.1684;-66.5457;-64.7463;-51.6843;-39.6621;
-70.0905;1455.36;-64.2396;-72.5626;-60.8805;-50.3979;-70.1684;-64.3516;-73.617;-62.3097;-48.7498;
-70.0905;187.955;-71.5895;-72.5164;-69.615;-54.4057;-70.1684;-68.0569;-78.335;-66.2119;-53.0958;
-69.9737;-69.8801;-25.3357;896.087;-41.4649;-41.2326;2025.53;-70.6389;-68.6736;-52.046;-46.4345;
-70.0905;-69.8801;-16.7374;1085.6;-42.4346;-40.7486;2599.49;-69.5196;-58.4366;-50.9482;-38.386;
-70.0905;1000.24;-46.625;-74.09;-57.2033;-43.2207;-70.1684;-65.3468;-65.3709;-52.2756;-39.8325;
-70.0905;1279.7;-65.0711;-72.6063;-62.6447;-50.7997;-70.1684;-62.9262;-74.2021;-62.7331;-48.9422;
-70.0905;249.161;-71.9918;-72.5065;-69.6864;-54.6769;-70.1684;-65.9314;-78.6492;-66.4358;-53.1911;
-68.9407;-69.8801;-25.4338;772.399;-41.4616;-41.2477;1755.65;-70.6389;-68.8933;-52.0749;-46.5208;
-69.3827;-69.8801;-16.7496;1384.6;-42.226;-40.7208;3292.51;-70.6389;-58.4674;-50.9163;-38.4075;
-70.0905;1350.15;-45.3679;-74.0406;-54.1931;-42.4667;-70.1684;-65.9677;-64.3617;-51.2837;-39.5604;
-70.0905;1829.88;-63.316;-72.4791;-58.5828;-49.9836;-70.1684;-62.5217;-73.0212;-61.8804;-48.5965;
-70.0905;389.298;-70.8657;-72.5027;-68.364;-54.0108;-70.1684;-65.4642;-77.9051;-65.8895;-53.0003;
-70.0905;-69.8801;-25.2077;1075.78;-41.6844;-41.2237;2417.87;-69.4504;-68.4054;-52.0151;-46.2925;
-70.0905;-69.8801;-16.7339;1212.63;-42.4891;-40.7652;2890.72;-69.3477;-58.3495;-50.9686;-38.3534;
-70.0905;1025.6;-46.1985;-74.1021;-56.5186;-42.9375;-70.1684;-66.2066;-65.0793;-51.888;-39.7185;
-70.0905;1164.09;-65.0178;-72.6351;-63.1068;-50.7174;-70.1684;-64.3037;-74.0965;-62.6275;-48.8535;
-70.0905;167.356;-72.0764;-72.5137;-70.0052;-54.6789;-70.1684;-67.9321;-78.6395;-66.4336;-53.1621;
-69.5067;-69.8801;-25.4423;734.346;-41.4595;-41.2479;1673.11;-70.6389;-68.9006;-52.0758;-46.5272;
-70.0905;-69.8801;-16.7321;1096.45;-42.2962;-40.7279;2626.6;-70.1881;-58.4897;-50.9245;-38.4081;
-70.0905;878.832;-46.679;-74.1149;-57.6204;-43.2214;-70.1684;-66.5118;-65.4614;-52.2672;-39.8406;
-70.0905;1046.83;-65.4425;-72.6477;-63.9251;-50.9345;-70.1684;-64.8033;-74.4012;-62.8581;-48.972;
-70.0905;150.164;-72.2787;-72.5099;-70.1039;-54.8209;-70.1684;-68.5822;-78.7977;-66.5478;-53.2163;
-68.8029;-69.8801;-25.5009;656.917;-41.4609;-41.2564;1504.62;-70.6389;-69.0209;-52.092;-46.5753;
-70.0905;-69.8801;-16.7316;1092.37;-42.2373;-40.7183;2618.11;-70.4624;-58.5266;-50.9136;-38.4198;
-70.0905;963.092;-46.587;-74.0953;-57.1658;-43.1915;-70.1684;-66.2251;-65.3515;-52.2353;-39.8296;
-70.0905;1227.84;-65.0852;-72.6114;-62.7574;-50.7977;-70.1684;-63.9714;-74.2042;-62.7282;-48.9378;
-70.0905;196.341;-72.0299;-72.5091;-69.8266;-54.6896;-70.1684;-67.4575;-78.6613;-66.4446;-53.1907;
-69.3787;-69.8801;-25.4312;847.983;-41.4579;-41.2494;1919.04;-70.6389;-68.9022;-52.0778;-46.5258;
-70.0905;-69.8801;-16.7259;1135.45;-42.2601;-40.7247;2716.81;-70.4019;-58.4702;-50.9208;-38.4073;
-70.0905;1019.77;-46.3832;-74.0888;-56.6833;-43.076;-70.1684;-66.314;-65.178;-52.0813;-39.7802;
-70.0905;1273.14;-64.8935;-72.6043;-62.3894;-50.7035;-70.1684;-63.9882;-74.0625;-62.6284;-48.8873;
-70.0905;192.971;-71.9476;-72.5119;-69.8341;-54.6308;-70.1684;-67.373;-78.5903;-66.3963;-53.1672;
-69.0633;-69.8801;-25.4295;814.075;-41.4646;-41.2453;1846.04;-70.6389;-68.8668;-52.0705;-46.5114;
-70.0905;-69.8801;-16.7233;1147.44;-42.2414;-40.724;2744.73;-70.5354;-58.4404;-50.9198;-38.4041;
-70.0905;1217.75;-46.0966;-74.0386;-55.5268;-42.9658;-70.1684;-65.8595;-64.844;-51.9522;-39.7305;
-70.0905;1525.09;-64.2594;-72.5486;-60.7296;-50.4551;-70.1684;-62.9963;-73.6399;-62.3809;-48.7964;
-70.0905;317.645;-71.4567;-72.5026;-68.9889;-54.3801;-70.1684;-65.9867;-78.2992;-66.1981;-53.1094;
-70.0905;-69.8801;-25.3123;1043.69;-41.6037;-41.2427;2344.92;-69.8257;-68.6652;-52.0546;-46.4108;
-70.0905;-69.8801;-16.7468;1167.93;-42.5015;-40.7569;2788.09;-69.1266;-58.4932;-50.9593;-38.3812;
-70.0905;1103.78;-46.2537;-74.0826;-56.3377;-42.9955;-70.1684;-65.3966;-65.1115;-51.976;-39.7471;
-70.0905;1181.92;-65.0517;-72.638;-63.2429;-50.7468;-70.1684;-63.1595;-74.1154;-62.6582;-48.8678;
-70.0905;183.653;-72.1279;-72.5159;-70.1452;-54.7103;-70.1684;-66.4757;-78.6611;-66.4576;-53.1689;
-70.0905;-69.8801;-25.4388;865.799;-41.4586;-41.252;1957.19;-70.6146;-68.9149;-52.0824;-46.5353;
-70.0905;-69.8801;-16.7309;1264.58;-42.2899;-40.7272;3014.53;-70.2166;-58.4943;-50.9238;-38.4096;
-70.0905;1141.18;-45.9092;-74.0849;-55.6839;-42.7708;-70.1684;-66.1461;-64.8501;-51.6735;-39.6711;
-70.0905;1439.74;-64.3522;-72.5737;-61.1709;-50.4312;-70.1684;-63.7355;-73.7132;-62.3415;-48.7654;
-70.0905;245.303;-71.5963;-72.5096;-69.3573;-54.4141;-70.1684;-67.1855;-78.3705;-66.2221;-53.1046;
-69.7439;-69.8801;-25.3326;882.522;-41.4626;-41.2309;1996.34;-70.6389;-68.6789;-52.0434;-46.4328;
-70.0905;-69.8801;-16.7213;1213.19;-42.3171;-40.7375;2895.25;-70.2042;-58.3736;-50.935;-38.3849;
-70.0905;1074.86;-46.1273;-74.0918;-56.2242;-42.9088;-70.1684;-66.1364;-64.9894;-51.8541;-39.7127;
-70.0905;1371.13;-64.6078;-72.5875;-61.7163;-50.5585;-70.1684;-63.7071;-73.8756;-62.4765;-48.8206;
-70.0905;273.378;-71.6886;-72.5032;-69.2289;-54.4878;-70.1684;-66.9856;-78.4506;-66.2853;-53.1322;
-69.778;-69.8801;-25.3399;868.031;-41.457;-41.2352;1964.51;-70.6389;-68.7161;-52.0511;-46.4486;
-70.0905;-69.8801;-16.7192;1236.58;-42.2954;-40.7344;2949.56;-70.3102;-58.3821;-50.9315;-38.3883;
-70.0905;1108.3;-46.0119;-74.0851;-55.9203;-42.8436;-70.1684;-66.2822;-64.8916;-51.7692;-39.6889;
-70.0905;1407.43;-64.4552;-72.5778;-61.3704;-50.4886;-70.1684;-63.938;-73.7717;-62.4035;-48.7897;
-70.0905;225.341;-71.6687;-72.5109;-69.4896;-54.46;-70.1684;-67.3968;-78.4108;-66.259;-53.1171;
-69.5898;-69.8801;-25.3544;880.942;-41.4637;-41.2343;1992.42;-70.6389;-68.7176;-52.0497;-46.4499;
-70.0905;-69.8801;-16.7242;1115.92;-42.3184;-40.7363;2670.81;-70.1717;-58.397;-50.9337;-38.3892;
-70.0905;1068.7;-46.3613;-74.0662;-56.4061;-43.0968;-70.1684;-66.3592;-65.0931;-52.1168;-39.7789;
-70.0905;1176.57;-65.0136;-72.6248;-62.9773;-50.7634;-70.1684;-64.3987;-74.0801;-62.6834;-48.8873;
-70.0905;184.941;-72.0326;-72.5102;-69.8468;-54.6849;-70.1684;-67.9951;-78.6188;-66.4404;-53.1726;
-69.9574;-69.8801;-25.4144;854.08;-41.4542;-41.2503;1932.27;-70.6389;-68.8655;-52.0788;-46.5176;
-70.0905;-69.8801;-16.7402;1114.39;-42.3832;-40.7376;2666.77;-69.7;-58.5172;-50.9361;-38.4056;
-70.0905;984.063;-46.5382;-74.1003;-57.1233;-43.151;-70.1684;-65.7257;-65.3474;-52.1787;-39.8131;
-70.0905;1194.86;-65.1602;-72.6251;-63.1081;-50.815;-70.1684;-63.5276;-74.2406;-62.7399;-48.931;
-70.0905;201.868;-72.1018;-72.5102;-69.9263;-54.72;-70.1684;-66.8395;-78.695;-66.4681;-53.192;
-68.5277;-69.8801;-25.4754;820.783;-41.4669;-41.2495;1859.82;-70.6389;-68.9505;-52.0793;-46.544;
-69.9613;-69.8801;-16.7307;1174.79;-42.216;-40.7184;2808.28;-70.6389;-58.4787;-50.9134;-38.4126;
-70.0905;1305.15;-45.918;-74.0228;-54.9813;-42.8702;-70.1684;-65.6206;-64.6878;-51.8305;-39.6968;
-70.0905;1569.54;-64.1012;-72.5452;-60.513;-50.3792;-70.1684;-62.4875;-73.5099;-62.2973;-48.752;
-70.0905;289.95;-71.4617;-72.5117;-69.3007;-54.3612;-70.1684;-65.3559;-78.2585;-66.1782;-53.0901;
-70.0905;-69.8801;-25.3366;1065.65;-41.6586;-41.2467;2391.89;-69.5535;-68.6892;-52.0592;-46.4161;
-70.0905;-69.8801;-16.7468;1211;-42.4689;-40.7535;2887.67;-69.2925;-58.4983;-50.9557;-38.3831;
-70.0905;1097.61;-46.1501;-74.0938;-56.2571;-42.9117;-70.1684;-65.4959;-65.0649;-51.8592;-39.719;
-70.0905;1321.84;-64.7668;-72.6078;-62.2713;-50.6154;-70.1684;-62.9579;-73.9782;-62.5292;-48.8334;
-70.0905;323.603;-71.7501;-72.4975;-69.0672;-54.5261;-70.1684;-66.0775;-78.5042;-66.319;-53.1426;
-70.0905;-69.8801;-25.3456;894.096;-41.5175;-41.2421;2020.39;-70.2557;-68.7603;-52.0599;-46.4557;
-70.0905;-69.8801;-16.726;1339.07;-42.3298;-40.7368;3185.57;-70.0719;-58.4374;-50.9351;-38.3904;
-70.0905;1099.41;-45.8083;-74.1083;-55.8002;-42.6662;-70.1684;-66.1826;-64.8382;-51.5235;-39.6338;
-70.0905;1431.43;-64.3522;-72.5795;-61.2175;-50.3999;-70.1684;-63.8377;-73.7226;-62.3035;-48.7447;
-70.0905;246.752;-71.5916;-72.5089;-69.3157;-54.397;-70.1684;-67.3816;-78.3734;-66.2083;-53.0976;
-69.3476;-69.8801;-25.3428;720.324;-41.466;-41.2279;1645.09;-70.6389;-68.6858;-52.0388;-46.432;
-69.8976;-69.8801;-16.7204;1200.64;-42.2448;-40.73;2867.43;-70.6389;-58.3434;-50.9261;-38.3851;
-70.0905;988.589;-46.2241;-74.1042;-56.5854;-42.9567;-70.1684;-66.9081;-65.0663;-51.9128;-39.7305;
-70.0905;1328.58;-64.6679;-72.5851;-61.731;-50.5887;-70.1684;-64.9749;-73.9296;-62.5113;-48.8432;
-70.0905;135.294;-71.847;-72.5175;-69.9525;-54.5558;-70.1684;-68.9129;-78.5171;-66.3332;-53.1439;
-69.6629;-69.8801;-25.3995;719.423;-41.4632;-41.2419;1641.62;-70.6389;-68.8186;-52.0639;-46.491;
-70.0905;-69.8801;-16.7373;1035.78;-42.3737;-40.7379;2485.69;-69.7832;-58.4863;-50.936;-38.3996;
-70.0905;882.474;-46.9182;-74.1047;-58.0031;-43.377;-70.1684;-65.5936;-65.6219;-52.4816;-39.8999;
-70.0905;1312.73;-65.1377;-72.5873;-62.3404;-50.8517;-70.1684;-63.3768;-74.3126;-62.7999;-49.0038;
-70.0905;180.951;-72.0496;-72.5128;-70.0313;-54.7132;-70.1684;-66.7044;-78.7039;-66.4617;-53.2137;
-68.3869;-69.8801;-25.4766;773.439;-41.4697;-41.2509;1757.31;-70.6389;-68.9681;-52.0814;-46.5473;
-69.5133;-69.8801;-16.7487;1233.16;-42.217;-40.7173;2943.11;-70.6389;-58.503;-50.9124;-38.4142;
-70.0905;1385.54;-45.6595;-74.0097;-54.3388;-42.7148;-70.1684;-65.6638;-64.4808;-51.6278;-39.6419;
-70.0905;1664.31;-63.7886;-72.5265;-59.8713;-50.2303;-70.1684;-62.2015;-73.2867;-62.1385;-48.682;
-70.0905;374.785;-71.1892;-72.5026;-68.6874;-54.2145;-70.1684;-64.959;-78.0979;-66.0612;-53.0519;
-70.0905;-69.8801;-25.2851;1100.36;-41.7478;-41.2432;2468.3;-69.0758;-68.5818;-52.0469;-46.359;
-70.0905;-69.8801;-16.7502;1283.44;-42.5267;-40.7634;3053.61;-69.0193;-58.4837;-50.9677;-38.3702;
-70.0905;1066.41;-46.0083;-74.1124;-56.2221;-42.7886;-70.1684;-65.7944;-65.0193;-51.6865;-39.6758;
-70.0905;1234.45;-64.8308;-72.6268;-62.668;-50.6061;-70.1684;-63.9107;-74.0043;-62.5089;-48.8081;
-70.0905;157.092;-72.0053;-72.5181;-70.0906;-54.614;-70.1684;-67.6486;-78.5915;-66.3795;-53.1405;
-69.6272;-69.8801;-25.4312;764.998;-41.4615;-41.2434;1739.83;-70.6389;-68.8758;-52.068;-46.5135;
-70.0905;-69.8801;-16.7286;1136.72;-42.28;-40.727;2719.68;-70.2995;-58.4667;-50.9233;-38.4048;
-70.0905;862.69;-46.575;-74.1274;-57.5589;-43.1404;-70.1684;-66.7799;-65.4096;-52.1526;-39.81;
-70.0905;988.981;-65.4925;-72.6615;-64.2639;-50.9328;-70.1684;-65.1851;-74.4113;-62.8489;-48.9539;
-70.0905;116.545;-72.3565;-72.5133;-70.3051;-54.8473;-70.1684;-69.158;-78.8237;-66.5667;-53.2129;
-68.3373;-69.8801;-25.5378;656.758;-41.4676;-41.2573;1503.96;-70.6389;-69.0642;-52.0944;-46.5927;
-70.0905;-69.8801;-16.7434;897.61;-42.2893;-40.7213;2168;-70.1255;-58.5819;-50.9172;-38.425;
-70.0905;1114.14;-47.0402;-73.9953;-56.9549;-43.5851;-70.1684;-65.2619;-65.4625;-52.8083;-39.9821;
-70.0905;1417.91;-64.8992;-72.5585;-61.7033;-50.8354;-70.1684;-62.5525;-74.1089;-62.7965;-49.0189;
-70.0905;915.676;-70.6932;-72.3754;-64.6048;-54.2118;-70.1684;-65.7549;-78.1751;-66.1197;-53.189;
-70.0905;-69.8801;-25.0192;928.116;-41.6968;-41.233;2099.26;-69.1081;-68.2635;-52.0235;-46.2225;
-70.0905;-69.8801;-16.7193;1635.42;-42.5527;-40.779;3864.18;-69.0703;-58.3049;-50.9854;-38.3328;
-70.0905;1110.35;-45.3531;-74.1522;-55.7125;-42.2705;-70.1684;-64.5202;-64.7284;-50.9746;-39.4953;
-70.0905;1959.09;-63.3522;-72.4651;-58.1981;-49.9081;-70.1684;-61.0553;-73.2176;-61.8018;-48.5982;
-70.0905;542.762;-70.6732;-72.4853;-67.6057;-53.8891;-70.1684;-63.4244;-77.9101;-65.7935;-52.9965;
-70.0905;-69.8801;-25.118;991.121;-41.5444;-41.199;2237.32;-70.1794;-68.2822;-51.9793;-46.2416;
-69.7173;-69.8801;-16.7071;1410.48;-42.2883;-40.7488;3349.94;-70.6389;-58.1532;-50.9474;-38.3389;
-70.0905;1331;-45.3289;-74.0388;-54.2195;-42.4543;-70.1684;-66.2314;-64.263;-51.2624;-39.532;
-70.0905;2193.8;-62.4534;-72.3416;-55.9285;-49.6529;-70.1684;-62.6345;-72.4877;-61.5632;-48.5328;
-70.0905;431.887;-70.2391;-72.5033;-67.8122;-53.6802;-70.1684;-65.4491;-77.5013;-65.604;-52.9313;
-70.0905;-69.8801;-25.0809;981.999;-41.6647;-41.2038;2217.92;-69.6361;-68.098;-51.9779;-46.1781;
-70.0905;-69.8801;-16.7022;1409.37;-42.3744;-40.7658;3345.48;-70.2158;-58.1041;-50.9681;-38.3247;
-70.0905;938.059;-45.8243;-74.1441;-56.424;-42.6299;-70.1684;-67.2421;-64.8693;-51.4549;-39.6053;
-70.0905;1307.01;-64.5552;-72.5989;-61.7352;-50.4614;-70.1684;-65.6134;-73.841;-62.3626;-48.7553;
-70.0905;267.38;-71.58;-72.4947;-68.7975;-54.4043;-70.1684;-69.7404;-78.4064;-66.2209;-53.1068;
-68.2223;-69.8801;-25.3567;663.466;-41.4716;-41.2236;1522.17;-70.6389;-68.6895;-52.0321;-46.4282;
-70.0905;-69.8801;-16.7332;864.519;-42.3829;-40.7422;2090.44;-69.8089;-58.4181;-50.9404;-38.3852;
-70.0905;1001.9;-47.3622;-74.0139;-57.9082;-43.7521;-70.1684;-64.8409;-65.7077;-53.0259;-40.0417;
-70.0905;1298.51;-65.3438;-72.5875;-62.7355;-51.0363;-70.1684;-62.1716;-74.3883;-62.9999;-49.0993;
-70.0905;184.61;-72.2057;-72.5159;-70.346;-54.845;-70.1684;-64.9984;-78.7689;-66.5647;-53.2541;
-69.9385;-69.8801;-25.4628;982.122;-41.4533;-41.2662;2207.37;-70.6389;-68.9981;-52.1064;-46.5748;
-70.0905;-69.8801;-16.7318;1378.2;-42.2752;-40.7239;3276.86;-70.2521;-58.5333;-50.9205;-38.4185;
-70.0905;1437.76;-45.3061;-74.0227;-53.8588;-42.4493;-70.1684;-65.2726;-64.3025;-51.2685;-39.5546;
-70.0905;1701.33;-63.5838;-72.5286;-59.6271;-50.089;-70.1684;-62.0454;-73.1429;-61.9765;-48.5985;
-70.0905;302.648;-71.2201;-72.5172;-69.1968;-54.1781;-70.1684;-65.0221;-78.0635;-66.0234;-53.0183;
-70.0905;-69.8801;-25.2876;1054.97;-41.6276;-41.2307;2370.86;-69.7683;-68.5438;-52.0324;-46.3613;
-70.0905;-69.8801;-16.7303;1278.16;-42.3973;-40.7512;3043.33;-69.7996;-58.3687;-50.952;-38.3696;
-70.0905;1153.24;-45.8723;-74.0809;-55.6145;-42.7542;-70.1684;-66.0657;-64.7962;-51.6508;-39.6537;
-70.0905;1380.13;-64.4625;-72.5922;-61.6277;-50.473;-70.1684;-63.6475;-73.7477;-62.3787;-48.7609;
-70.0905;273.663;-71.6393;-72.5049;-69.2173;-54.4432;-70.1684;-67.0098;-78.3938;-66.2481;-53.1076;
-70.0905;-69.8801;-25.3242;880.862;-41.467;-41.2333;1992.61;-70.5796;-68.6789;-52.0468;-46.4335;
-70.0905;-69.8801;-16.7278;1146.31;-42.3727;-40.7429;2740.25;-69.8759;-58.4055;-50.9415;-38.3851;
-70.0905;1046.59;-46.3377;-74.0844;-56.5608;-43.0536;-70.1684;-66.0755;-65.1326;-52.0519;-39.7656;
-70.0905;1280.55;-64.8556;-72.6035;-62.3324;-50.6862;-70.1684;-63.9671;-74.03;-62.6096;-48.8748;
-70.0905;282.604;-71.794;-72.498;-69.1522;-54.5681;-70.1684;-67.3353;-78.5323;-66.3528;-53.1595;
-69.7496;-69.8801;-25.3535;863.981;-41.4526;-41.2401;1955.21;-70.6389;-68.7599;-52.06;-46.4677;
-70.0905;-69.8801;-16.7249;1137.4;-42.3259;-40.7359;2720.37;-70.1019;-58.4237;-50.9335;-38.3929;
-70.0905;1012.57;-46.3815;-74.088;-56.6947;-43.0773;-70.1684;-66.4323;-65.1696;-52.0824;-39.7763;
-70.0905;1039.5;-65.2906;-72.6567;-63.9536;-50.8572;-70.1684;-64.6371;-74.2349;-62.7691;-48.9053;
-70.0905;204.217;-72.1682;-72.5042;-69.733;-54.7593;-70.1684;-68.3554;-78.7087;-66.5021;-53.1888;
-70.0905;-69.8801;-25.429;767.385;-41.4618;-41.2545;1744.23;-70.5569;-68.9148;-52.0859;-46.5359;
-70.0905;-69.8801;-16.7601;940.152;-42.5166;-40.7483;2263.7;-68.9064;-58.6218;-50.949;-38.4106;
-70.0905;1130.29;-46.962;-74.0199;-57.043;-43.5032;-70.1684;-64.2316;-65.5086;-52.6884;-39.9504;
-70.0905;1472.49;-64.866;-72.5581;-61.6137;-50.7957;-70.1684;-61.4533;-74.1226;-62.7534;-49.0007;
-70.0905;1443.74;-69.6438;-72.2382;-60.9278;-53.7916;-70.1684;-64.5434;-77.7523;-65.8251;-53.1623;
-70.0905;-69.8801;-24.6644;1002.72;-41.6145;-41.1937;2269.41;-69.4929;-67.602;-51.9496;-45.9679;
-70.0905;-69.8801;-16.6676;1427.21;-42.5135;-40.8006;3383.46;-69.7251;-57.8856;-51.0083;-38.2679;
-70.0905;1253.2;-45.4626;-74.0667;-54.8843;-42.5098;-70.1684;-65.624;-64.3966;-51.3209;-39.5331;
-70.0905;1594.68;-63.8885;-72.547;-60.1873;-50.2124;-70.1684;-63.0577;-73.3401;-62.1082;-48.6397;
-70.0905;318.244;-71.2812;-72.5057;-68.8712;-54.2319;-70.1684;-66.3534;-78.1448;-66.0737;-53.0424;
-70.0905;-69.8801;-25.2643;934.348;-41.5262;-41.2245;2110.08;-70.2907;-68.5226;-52.0267;-46.3635;
-70.0905;-69.8801;-16.7193;1241.45;-42.3554;-40.7473;2959.53;-70.0702;-58.3155;-50.9465;-38.3687;
-70.0905;1053.04;-46.0699;-74.098;-56.2156;-42.8636;-70.1684;-66.4643;-64.9538;-51.7899;-39.6926;
-70.0905;1332.63;-64.6161;-72.5927;-61.8073;-50.5507;-70.1684;-64.4595;-73.8716;-62.4651;-48.8086;
-70.0905;275.204;-71.6537;-72.4985;-69.0229;-54.4705;-70.1684;-68.1122;-78.4381;-66.2734;-53.1279;
-69.3261;-69.8801;-25.3401;724.786;-41.4599;-41.2324;1654.49;-70.6389;-68.7012;-52.0463;-46.4409;
-70.0905;-69.8801;-16.7177;1103.71;-42.2842;-40.7337;2643.24;-70.3861;-58.3677;-50.9306;-38.3867;
-70.0905;869.654;-46.656;-74.1143;-57.606;-43.2138;-70.1684;-66.7554;-65.4088;-52.2552;-39.8288;
-70.0905;1040.08;-65.4293;-72.6473;-63.9025;-50.9308;-70.1684;-65.1184;-74.3765;-62.8543;-48.9652;
-70.0905;142.358;-72.269;-72.5097;-70.0875;-54.817;-70.1684;-69.0433;-78.7855;-66.5448;-53.2134;
-68.5093;-69.8801;-25.5088;667.318;-41.4647;-41.2559;1527.12;-70.6389;-69.0191;-52.0911;-46.5751;
-70.0905;-69.8801;-16.7377;991.027;-42.2746;-40.7217;2383.72;-70.2406;-58.5471;-50.9176;-38.4203;
-70.0905;966.146;-46.9047;-74.0646;-57.4829;-43.4223;-70.1684;-65.902;-65.5157;-52.5594;-39.9185;
-70.0905;1107.45;-65.4346;-72.6336;-63.7077;-50.9885;-70.1684;-63.7653;-74.3935;-62.924;-49.0167;
-70.0905;150.67;-72.3012;-72.514;-70.3125;-54.8557;-70.1684;-67.1776;-78.8001;-66.5734;-53.2313;
-69.4474;-69.8801;-25.492;832.379;-41.4562;-41.2626;1883.62;-70.6389;-69.0247;-52.1017;-46.5829;
-70.0905;-69.8801;-16.7282;1424.22;-42.2203;-40.7173;3384.21;-70.5624;-58.5185;-50.9126;-38.4209;
-70.0905;1030.36;-45.7421;-74.1456;-56.1129;-42.5569;-70.1684;-66.0515;-64.914;-51.3641;-39.6121;
-70.0905;1454.77;-64.3925;-72.5864;-61.3032;-50.375;-70.1684;-62.9704;-73.786;-62.2722;-48.7372;
-70.0905;271.375;-71.6268;-72.5101;-69.3779;-54.3936;-70.1684;-66.0561;-78.4082;-66.2047;-53.0968;
-68.5533;-69.8801;-25.3777;589.285;-41.474;-41.2247;1361.14;-70.6389;-68.7308;-52.0348;-46.4437;
-68.6171;-69.8801;-16.7775;1389.68;-42.2488;-40.7261;3304.02;-70.6389;-58.4126;-50.9219;-38.3913;
-70.0905;1232.12;-45.5362;-74.0789;-54.9394;-42.521;-70.1684;-65.9487;-64.5617;-51.3411;-39.5831;
-70.0905;2215.52;-62.6451;-72.3476;-56.1264;-49.7194;-70.1684;-61.6322;-72.7051;-61.6388;-48.5939;
-70.0905;550.377;-70.1872;-72.4868;-67.2574;-53.6711;-70.1684;-63.9615;-77.5572;-65.6041;-52.9573;
-70.0905;-69.8801;-25.0601;1132.48;-41.72;-41.2053;2545.01;-69.2891;-68.1142;-51.9773;-46.1666;
-70.0905;-69.8801;-16.7155;1507.47;-42.4834;-40.7757;3569.84;-69.559;-58.1836;-50.9802;-38.3224;
-70.0905;1230.56;-45.3487;-74.0906;-54.9026;-42.3774;-70.1684;-65.4759;-64.4703;-51.1399;-39.5143;
-70.0905;1542.28;-64.0168;-72.5746;-60.7202;-50.217;-70.1684;-62.5114;-73.4486;-62.0996;-48.6292;
-70.0905;371.707;-71.3232;-72.4993;-68.6606;-54.24;-70.1684;-65.6033;-78.1983;-66.0833;-53.0443;
-69.9199;-69.8801;-25.2546;920.776;-41.4614;-41.2165;2081.33;-70.6389;-68.5122;-52.0169;-46.3625;
-70.0905;-69.8801;-16.7115;1261.48;-42.3174;-40.7432;3006.38;-70.3093;-58.2771;-50.941;-38.3677;
-70.0905;1209.48;-45.8354;-74.0615;-55.3317;-42.7645;-70.1684;-65.9603;-64.6878;-51.6708;-39.6504;
-70.0905;1490.98;-64.2187;-72.5634;-60.8782;-50.3912;-70.1684;-63.3504;-73.5851;-62.3018;-48.7396;
-70.0905;291.869;-71.4794;-72.5055;-69.0893;-54.3635;-70.1684;-66.5762;-78.289;-66.1828;-53.0899;
-70.0905;-69.8801;-25.2993;906.495;-41.4973;-41.2317;2048.64;-70.4283;-68.617;-52.0414;-46.4063;
-70.0905;-69.8801;-16.717;1252.11;-42.3102;-40.7398;2984.89;-70.2806;-58.34;-50.9379;-38.3784;
-70.0905;949.013;-46.1592;-74.1254;-56.7209;-42.8808;-70.1684;-66.9464;-65.0853;-51.8025;-39.7055;
-70.0905;1228.76;-64.8483;-72.613;-62.4215;-50.6332;-70.1684;-65.2245;-74.0304;-62.5462;-48.8394;
-70.0905;171.999;-71.906;-72.5097;-69.6931;-54.5854;-70.1684;-69.1835;-78.5683;-66.3606;-53.1492;
-68.5633;-69.8801;-25.434;723.774;-41.4698;-41.2394;1651.01;-70.6389;-68.8536;-52.061;-46.5013;
-70.0905;-69.8801;-16.7452;884.438;-42.4003;-40.7385;2136.3;-69.6067;-58.5225;-50.9367;-38.4031;
-70.0905;1125.71;-47.1273;-73.9933;-57.1234;-43.6376;-70.1684;-64.5821;-65.522;-52.8799;-39.9987;
-70.0905;1267.88;-65.2925;-72.6044;-63.04;-50.998;-70.1684;-61.6469;-74.3045;-62.9496;-49.053;
-70.0905;1401.97;-70.0222;-72.2496;-61.3196;-54.0038;-70.1684;-64.7267;-77.9521;-66.0017;-53.2013;
-70.0905;-69.8801;-24.7365;986.295;-41.5846;-41.2047;2231.64;-69.616;-67.7522;-51.972;-46.0378;
-70.0905;-69.8801;-16.6744;1447.06;-42.5016;-40.7937;3429.75;-69.7004;-57.9609;-51.0006;-38.2845;
-70.0905;1295.41;-45.3812;-74.061;-54.6515;-42.4585;-70.1684;-65.3788;-64.3494;-51.256;-39.5207;
-70.0905;1673.66;-63.7148;-72.5305;-59.7362;-50.135;-70.1684;-62.5704;-73.2374;-62.0284;-48.6144;
-70.0905;328.843;-71.1962;-72.5085;-68.8814;-54.1771;-70.1684;-65.6715;-78.0845;-66.0267;-53.0266;
-70.0905;-69.8801;-25.259;937.458;-41.5668;-41.2245;2116.96;-70.0807;-68.5042;-52.0244;-46.3502;
-70.0905;-69.8801;-16.715;1320.37;-42.3203;-40.745;3141.93;-70.2854;-58.2924;-50.9441;-38.3657;
-70.0905;1060.61;-45.8534;-74.1044;-55.8961;-42.7103;-70.1684;-66.8779;-64.814;-51.5813;-39.6384;
-70.0905;1366.78;-64.4142;-72.5835;-61.3779;-50.4382;-70.1684;-65.0891;-73.739;-62.3444;-48.755;
-70.0905;221.097;-71.6;-72.5059;-69.2267;-54.4137;-70.1684;-69.113;-78.3791;-66.2234;-53.103;
-69.2621;-69.8801;-25.343;725.429;-41.4656;-41.229;1656.09;-70.6389;-68.6839;-52.0405;-46.4329;
-70.0905;-69.8801;-16.7279;992.354;-42.3566;-40.7407;2385.5;-69.9673;-58.3991;-50.9387;-38.3856;
-70.0905;931.257;-46.963;-74.0719;-57.7435;-43.4523;-70.1684;-65.8113;-65.5464;-52.5949;-39.9197;
-70.0905;1358.71;-65.0102;-72.5694;-61.9116;-50.8312;-70.1684;-63.6541;-74.2152;-62.7867;-49.0055;
-70.0905;238.165;-71.8749;-72.5039;-69.5252;-54.648;-70.1684;-66.8798;-78.6166;-66.4143;-53.2077;
-69.5065;-69.8801;-25.3898;823.785;-41.4554;-41.2485;1867.19;-70.6389;-68.8476;-52.0748;-46.5026;
-70.0489;-69.8801;-16.7178;1250.6;-42.2267;-40.7239;2982.97;-70.6389;-58.4207;-50.9198;-38.4009;
-70.0905;1167.73;-45.8626;-74.0659;-55.4055;-42.7745;-70.1684;-66.6429;-64.7394;-51.6843;-39.664;
-70.0905;1450.26;-64.2293;-72.5626;-60.8758;-50.3944;-70.1684;-64.4925;-73.6089;-62.3057;-48.7482;
-70.0905;132.976;-71.6604;-72.5243;-69.9905;-54.4324;-70.1684;-68.3246;-78.3548;-66.2298;-53.0962;
-69.8844;-69.8801;-25.3658;735.143;-41.4691;-41.2355;1676.41;-70.6389;-68.7182;-52.0516;-46.4536;
-70.0905;-69.8801;-16.7243;1139.99;-42.3079;-40.7354;2726.7;-70.233;-58.3923;-50.9327;-38.3904;
-70.0905;793.421;-46.6751;-74.1464;-58.028;-43.1762;-70.1684;-66.6955;-65.5139;-52.1924;-39.822;
-70.0905;1190.85;-65.2108;-72.613;-62.8546;-50.8262;-70.1684;-64.9634;-74.3289;-62.7587;-48.9592;
-70.0905;128.593;-72.1254;-72.5136;-70.1176;-54.7258;-70.1684;-68.858;-78.7323;-66.4709;-53.2023;
-68.7132;-69.8801;-25.4807;537.331;-41.4653;-41.2504;1246.48;-70.6389;-68.9844;-52.0812;-46.5532;
-70.0905;-69.8801;-16.7365;890.265;-42.2917;-40.7243;2151.15;-70.1611;-58.5368;-50.9204;-38.4149;
-70.0905;1014.63;-47.1795;-74.0136;-57.4914;-43.6462;-70.1684;-65.7084;-65.5911;-52.8832;-40.0053;
-70.0905;1159.16;-65.4331;-72.6159;-63.4226;-51.0489;-70.1684;-63.3517;-74.3938;-62.9985;-49.0703;
-70.0905;117.452;-72.3303;-72.5194;-70.5985;-54.8955;-70.1684;-66.8143;-78.8071;-66.6022;-53.2494;
-70.0905;-69.8801;-25.5189;978.147;-41.6095;-41.2823;2196.91;-69.7626;-69.1109;-52.1271;-46.6008;
-70.0905;-69.8801;-16.772;1160.28;-42.4944;-40.7417;2771.18;-68.9019;-58.7488;-50.9433;-38.4276;
-70.0905;1138.5;-46.2486;-74.0809;-56.225;-42.9841;-70.1684;-65.0089;-65.1719;-51.9653;-39.7604;
-70.0905;1180.95;-65.0682;-72.6423;-63.3506;-50.7461;-70.1684;-62.7155;-74.1456;-62.6552;-48.8711;
-70.0905;184.518;-72.1604;-72.5176;-70.2368;-54.7211;-70.1684;-65.977;-78.6828;-66.4653;-53.1712;
-69.8785;-69.8801;-25.4535;859.073;-41.4564;-41.2519;1942.5;-70.6389;-68.9379;-52.0828;-46.5435;
-70.0007;-69.8801;-16.7264;1307.35;-42.2173;-40.7194;3114.24;-70.6389;-58.4692;-50.9147;-38.4116;
-70.0905;1159.47;-45.7645;-74.0829;-55.3976;-42.6787;-70.1684;-66.4564;-64.7309;-51.5506;-39.638;
-70.0905;1526.08;-64.0948;-72.5506;-60.4819;-50.3142;-70.1684;-63.8876;-73.5505;-62.2216;-48.7227;
-70.0905;235.86;-71.4566;-72.5127;-69.328;-54.3264;-70.1684;-67.3945;-78.2733;-66.1486;-53.0797;
-69.7617;-69.8801;-25.3094;872.541;-41.4668;-41.2258;1975.39;-70.6389;-68.617;-52.0339;-46.4074;
-70.0905;-69.8801;-16.7238;1057.67;-42.3576;-40.7433;2535.84;-70.0035;-58.3612;-50.9416;-38.3791;
-70.0905;1122.79;-46.4766;-74.0373;-56.3218;-43.2083;-70.1684;-65.9254;-65.1029;-52.2779;-39.815;
-70.0905;1394.89;-64.6581;-72.5693;-61.555;-50.6596;-70.1684;-63.6422;-73.9059;-62.5978;-48.8915;
-70.0905;255.909;-71.7148;-72.505;-69.3622;-54.5407;-70.1684;-66.8873;-78.4654;-66.3277;-53.1576;
-70.0905;-69.8801;-25.3651;995.59;-41.584;-41.2529;2239.12;-69.9139;-68.7898;-52.0744;-46.4656;
-70.0905;-69.8801;-16.7499;1113.07;-42.4781;-40.7505;2662.11;-69.1868;-58.5489;-50.9521;-38.3941;
-70.0905;1123.43;-46.3606;-74.0627;-56.314;-43.0908;-70.1684;-65.4404;-65.1487;-52.1126;-39.7836;
-70.0905;1303.45;-64.8413;-72.6031;-62.3411;-50.6923;-70.1684;-63.192;-74.0231;-62.6165;-48.8792;
-70.0905;205.757;-71.9433;-72.5137;-69.8934;-54.6295;-70.1684;-66.4653;-78.5767;-66.3945;-53.1632;
-70.0905;-69.8801;-25.4046;886.789;-41.4873;-41.25;2003.21;-70.4589;-68.8558;-52.0763;-46.5053;
-70.0905;-69.8801;-16.7278;1300.67;-42.2941;-40.7301;3097.6;-70.2256;-58.4675;-50.9273;-38.4024;
-70.0905;995.552;-46.0063;-74.1281;-56.408;-42.7693;-70.1684;-66.615;-65.023;-51.6541;-39.6758;
-70.0905;1320.12;-64.6393;-72.5988;-61.883;-50.525;-70.1684;-64.5859;-73.921;-62.4335;-48.8005;
-70.0905;177.328;-71.8126;-72.5137;-69.7381;-54.5154;-70.1684;-68.358;-78.5067;-66.3021;-53.1285;
-68.7095;-69.8801;-25.4166;722.941;-41.4715;-41.235;1649.64;-70.6389;-68.8164;-52.0531;-46.4838;
-70.0905;-69.8801;-16.7239;1063.7;-42.2568;-40.7265;2551.36;-70.4745;-58.4211;-50.9223;-38.3981;
-70.0905;1096.99;-46.4895;-74.0485;-56.4485;-43.2;-70.1684;-65.9951;-65.1428;-52.2633;-39.8186;
-70.0905;1403.25;-64.6632;-72.5677;-61.5165;-50.6554;-70.1684;-63.59;-73.925;-62.594;-48.8958;
-70.0905;229.763;-71.7536;-72.5092;-69.5615;-54.5522;-70.1684;-66.8607;-78.4845;-66.3348;-53.1597;
-70.0905;-69.8801;-25.3807;957.489;-41.5902;-41.2544;2156.33;-69.8871;-68.8201;-52.0772;-46.4764;
-70.0905;-69.8801;-16.747;1103.48;-42.4408;-40.746;2640.49;-69.3813;-58.5467;-50.9469;-38.3967;
-70.0905;1065.82;-46.4418;-74.0722;-56.5989;-43.1298;-70.1684;-65.799;-65.2229;-52.1612;-39.7996;
-70.0905;1307.33;-64.8496;-72.5956;-62.1988;-50.7007;-70.1684;-63.71;-74.0524;-62.6297;-48.8961;
-70.0905;185.498;-71.9345;-72.514;-69.91;-54.6276;-70.1684;-67.1573;-78.584;-66.3929;-53.1686;
-70.0905;-69.8801;-25.4143;862.578;-41.5412;-41.2545;1950.44;-70.1551;-68.8867;-52.0813;-46.5084;
-70.0905;-69.8801;-16.7477;1154.05;-42.4237;-40.7414;2757.7;-69.4443;-58.5672;-50.9412;-38.4042;
-70.0905;944.995;-46.4976;-74.1237;-57.3019;-43.0884;-70.1684;-65.6476;-65.3967;-52.0861;-39.7948;
-70.0905;1245.67;-65.072;-72.6144;-62.7387;-50.7579;-70.1684;-63.5731;-74.2287;-62.6831;-48.919;
-70.0905;171.933;-72.076;-72.5147;-70.0814;-54.6881;-70.1684;-67.0493;-78.6862;-66.4405;-53.1847;
-68.4314;-69.8801;-25.4815;638.924;-41.4704;-41.2473;1466.46;-70.6389;-68.9602;-52.0757;-46.5434;
-69.3949;-69.8801;-16.7542;1220.36;-42.2186;-40.7172;2913.76;-70.6389;-58.5031;-50.9122;-38.4138;
-70.0905;1223.17;-45.903;-74.0541;-55.2962;-42.8117;-70.1684;-65.9905;-64.7579;-51.7407;-39.6831;
-70.0905;1580.72;-64.0858;-72.5405;-60.3635;-50.3487;-70.1684;-62.8172;-73.538;-62.2655;-48.7495;
-70.0905;335.076;-71.3451;-72.502;-68.8418;-54.3014;-70.1684;-65.8993;-78.232;-66.1334;-53.0863;
-70.0905;-69.8801;-25.2929;1047.66;-41.6271;-41.2383;2354.24;-69.7059;-68.6223;-52.0456;-46.3874;
-70.0905;-69.8801;-16.748;1158.68;-42.5243;-40.7605;2766.4;-69.0206;-58.485;-50.9634;-38.3759;
-70.0905;1109.26;-46.2795;-74.0799;-56.3605;-43.0155;-70.1684;-65.2704;-65.1243;-52.0038;-39.753;
-70.0905;1199.94;-65.0401;-72.6344;-63.162;-50.7474;-70.1684;-62.963;-74.113;-62.6608;-48.8719;
-70.0905;201.56;-72.1007;-72.5143;-70.0538;-54.701;-70.1684;-66.1813;-78.6523;-66.4511;-53.1694;
-70.0787;-69.8801;-25.4301;846.248;-41.4538;-41.251;1915.06;-70.6389;-68.9003;-52.0806;-46.5296;
-70.0905;-69.8801;-16.7268;1247.51;-42.2688;-40.7258;2975.41;-70.3517;-58.4732;-50.9221;-38.408;
-70.0905;1136.66;-45.9559;-74.0832;-55.7559;-42.806;-70.1684;-66.1223;-64.8695;-51.7211;-39.682;
-70.0905;1496.91;-64.2681;-72.5574;-60.8028;-50.4075;-70.1684;-63.5631;-73.6756;-62.3233;-48.7701;
-70.0905;306.214;-71.4474;-72.5011;-68.9128;-54.352;-70.1684;-66.8881;-78.3108;-66.1754;-53.1007;
-70.0905;-69.8801;-25.2805;887.628;-41.4644;-41.2274;2008.26;-70.5984;-68.6016;-52.0356;-46.3995;
-70.0905;-69.8801;-16.7157;1202.75;-42.3235;-40.7411;2870.92;-70.2154;-58.3328;-50.9391;-38.3763;
-70.0905;1001.51;-46.2215;-74.1032;-56.5755;-42.9558;-70.1684;-66.6342;-65.0713;-51.9117;-39.7279;
-70.0905;1268.35;-64.8033;-72.604;-62.2419;-50.6405;-70.1684;-64.7093;-73.9947;-62.5589;-48.8488;
-70.0905;213.733;-71.837;-72.5058;-69.4818;-54.5667;-70.1684;-68.4198;-78.5344;-66.3477;-53.1499;
-69.0866;-69.8801;-25.3963;722.639;-41.463;-41.2394;1648.85;-70.6389;-68.8033;-52.0599;-46.4836;
-70.0905;-69.8801;-16.7259;1086.3;-42.2922;-40.7308;2603.11;-70.2728;-58.4318;-50.9275;-38.3975;
-70.0905;880.566;-46.7178;-74.1123;-57.6848;-43.2508;-70.1684;-66.3476;-65.4681;-52.3071;-39.8476;
-70.0905;1041.06;-65.4905;-72.6505;-64.0548;-50.961;-70.1684;-64.4547;-74.4211;-62.8853;-48.9809;
-70.0905;132.503;-72.3455;-72.5136;-70.3247;-54.8552;-70.1684;-68.1402;-78.8228;-66.5729;-53.2215;
-68.6925;-69.8801;-25.5245;628.927;-41.4636;-41.2594;1443.73;-70.6389;-69.0566;-52.0976;-46.5915;
-69.892;-69.8801;-16.738;1122.71;-42.2052;-40.7139;2688.58;-70.6389;-58.5354;-50.9086;-38.4242;
-70.0905;1085.04;-46.3142;-74.0672;-56.2694;-43.0611;-70.1684;-66.3758;-65.0845;-52.0706;-39.7771;
-70.0905;1398.62;-64.5769;-72.5702;-61.4243;-50.5854;-70.1684;-64.0371;-73.878;-62.5153;-48.8587;
-70.0905;151.659;-71.8099;-72.5198;-70.0094;-54.5478;-70.1684;-67.6541;-78.4887;-66.3259;-53.1459;
-70.0905;-69.8801;-25.3857;891.302;-41.4755;-41.2448;2013.6;-70.557;-68.8037;-52.0675;-46.486;
-70.0905;-69.8801;-16.7348;1189.99;-42.366;-40.7382;2841.24;-69.8365;-58.4754;-50.9366;-38.3981;
-70.0905;921.251;-46.4082;-74.1325;-57.2543;-43.0233;-70.1684;-66.1023;-65.323;-51.9937;-39.7676;
-70.0905;1169.24;-65.159;-72.6323;-63.1853;-50.7766;-70.1684;-64.0354;-74.2466;-62.6941;-48.9052;
-70.0905;149.091;-72.1613;-72.516;-70.2073;-54.724;-70.1684;-67.5875;-78.716;-66.4682;-53.1842;
-67.9604;-69.8801;-25.517;649.77;-41.4764;-41.2485;1489.61;-70.6389;-69.0002;-52.0787;-46.5608;
-69.4969;-69.8801;-16.754;1098.82;-42.2136;-40.7152;2633.23;-70.6389;-58.5213;-50.9099;-38.4185;
-70.0905;1286.99;-46.1636;-74.0137;-55.3413;-43.0365;-70.1684;-65.3346;-64.8498;-52.0586;-39.7612;
-70.0905;1732.6;-63.9311;-72.4982;-59.5994;-50.3489;-70.1684;-61.6233;-73.4642;-62.2869;-48.7934;
-70.0905;436.249;-71.1373;-72.4937;-68.3838;-54.2327;-70.1684;-64.0429;-78.1376;-66.081;-53.0915;
-70.0905;-69.8801;-25.2685;1107.64;-41.7696;-41.2472;2483.97;-68.9326;-68.5933;-52.0518;-46.3567;
-70.0905;-69.8801;-16.7377;1494.29;-42.444;-40.756;3540.79;-69.4831;-58.448;-50.9593;-38.3687;
-70.0905;1291.83;-45.2566;-74.0705;-54.4276;-42.3381;-70.1684;-65.7662;-64.4115;-51.0995;-39.5136;
-70.0905;1521.28;-63.915;-72.5735;-60.6161;-50.1735;-70.1684;-63.3177;-73.3754;-62.0506;-48.6069;
-70.0905;320.754;-71.3088;-72.5034;-68.7843;-54.2239;-70.1684;-66.9366;-78.1711;-66.068;-53.0337;
-70.0905;-69.8801;-25.2751;942.842;-41.5779;-41.2258;2128.31;-69.9895;-68.5564;-52.0271;-46.3645;
-70.0905;-69.8801;-16.7364;1158.86;-42.4635;-40.7561;2767.75;-69.4128;-58.4044;-50.9575;-38.37;
-70.0905;1001.14;-46.395;-74.1032;-56.9005;-43.0598;-70.1684;-65.8073;-65.2329;-52.053;-39.7688;
-70.0905;1223.81;-65.03;-72.6195;-62.8212;-50.7465;-70.1684;-63.7778;-74.1487;-62.6677;-48.894;
-70.0905;242.06;-71.9634;-72.504;-69.5375;-54.6462;-70.1684;-67.1632;-78.6234;-66.4124;-53.1737;
-69.1726;-69.8801;-25.4152;800.092;-41.4585;-41.2444;1815.96;-70.6389;-68.86;-52.0692;-46.5069;
-70.0905;-69.8801;-16.7248;1116.87;-42.2667;-40.7266;2673.88;-70.3891;-58.4496;-50.9228;-38.4028;
-70.0905;1232.13;-46.1713;-74.0289;-55.5636;-43.0262;-70.1684;-65.6465;-64.8799;-52.0373;-39.7518;
-70.0905;1535.51;-64.2776;-72.5455;-60.7162;-50.4775;-70.1684;-62.7682;-73.655;-62.4074;-48.8122;
-70.0905;361.391;-71.4039;-72.4963;-68.7195;-54.3689;-70.1684;-65.6618;-78.2867;-66.192;-53.1143;
-70.0905;-69.8801;-25.3164;1048.41;-41.7255;-41.2518;2354.49;-69.1497;-68.6931;-52.0635;-46.4037;
-70.0905;-69.8801;-16.7596;1203.39;-42.5706;-40.7637;2868.82;-68.7076;-58.569;-50.9684;-38.3806;
-70.0905;1143.71;-46.1382;-74.0849;-56.1097;-42.9121;-70.1684;-65.0339;-65.0675;-51.8643;-39.7201;
-70.0905;1250.68;-64.893;-72.6275;-62.8162;-50.6649;-70.1684;-62.8076;-74.0355;-62.5736;-48.8371;
-70.0905;263.567;-71.9332;-72.5063;-69.5608;-54.6105;-70.1684;-66.1407;-78.5789;-66.3827;-53.151;
-70.0905;-69.8801;-25.3901;886.543;-41.4915;-41.2463;2003.13;-70.4128;-68.8336;-52.0697;-46.4925;
-70.0905;-69.8801;-16.7286;1266.53;-42.3122;-40.7323;3018.57;-70.132;-58.4655;-50.9298;-38.3993;
-70.0905;1139.84;-45.8994;-74.0832;-55.6604;-42.7679;-70.1684;-66.2504;-64.8338;-51.6697;-39.6667;
-70.0905;1427.99;-64.3452;-72.5736;-61.1652;-50.429;-70.1684;-64.0787;-73.704;-62.339;-48.7622;
-70.0905;228.805;-71.5985;-72.5103;-69.3872;-54.4147;-70.1684;-67.7222;-78.3679;-66.2222;-53.1034;
-69.5362;-69.8801;-25.3409;887.309;-41.4651;-41.2308;2006.66;-70.6389;-68.6842;-52.0434;-46.435;
-70.0905;-69.8801;-16.7297;1068.77;-42.3717;-40.7422;2561.38;-69.8787;-58.4076;-50.9406;-38.386;
-70.0905;1054.36;-46.5558;-74.0634;-56.7664;-43.2188;-70.1684;-65.8014;-65.2377;-52.2827;-39.8259;
-70.0905;1218.57;-65.0742;-72.616;-62.887;-50.8116;-70.1684;-63.6077;-74.1502;-62.7408;-48.9285;
-70.0905;227.551;-72.0165;-72.5067;-69.7107;-54.6946;-70.1684;-66.8427;-78.6372;-66.4499;-53.1875;
-69.7619;-69.8801;-25.4119;839.237;-41.4537;-41.2507;1900.18;-70.6389;-68.8696;-52.0794;-46.5176;
-70.0905;-69.8801;-16.7227;1286.8;-42.2551;-40.7258;3066.22;-70.4526;-58.4479;-50.9221;-38.4048;
-70.0905;1112.39;-45.8871;-74.0945;-55.7712;-42.7436;-70.1684;-66.3431;-64.8441;-51.6325;-39.6605;
-70.0905;1433.3;-64.3561;-72.5747;-61.174;-50.4243;-70.1684;-63.9335;-73.7169;-62.3333;-48.761;
-70.0905;213.853;-71.6356;-72.5136;-69.5462;-54.4251;-70.1684;-67.4721;-78.384;-66.229;-53.1039;
-69.635;-69.8801;-25.3504;811.703;-41.4651;-41.2318;1842.67;-70.6389;-68.705;-52.0453;-46.4431;
-70.0905;-69.8801;-16.735;1091.5;-42.4024;-40.7443;2613.68;-69.6864;-58.4369;-50.9431;-38.3882;
-70.0905;1268.91;-46.2602;-74.0218;-55.6531;-43.0882;-70.1684;-64.7614;-64.9436;-52.1237;-39.7727;
-70.0905;1516.03;-64.4392;-72.5612;-61.1742;-50.5535;-70.1684;-61.6333;-73.7509;-62.4842;-48.8374;
-70.0905;1529.9;-69.2713;-72.2131;-60.2248;-53.5751;-70.1684;-64.6656;-77.4798;-65.6474;-53.0878;
-70.0905;-69.8801;-24.6001;1039.91;-41.7572;-41.1908;2351.89;-68.7734;-67.4291;-51.9347;-45.8837;
-70.0905;-69.8801;-16.6798;1579.08;-42.64;-40.82;3730.67;-69.0883;-57.8794;-51.032;-38.2496;
-70.0905;995.073;-45.5523;-74.1588;-56.2797;-42.4141;-70.1684;-65.4776;-64.7608;-51.1559;-39.5156;
-70.0905;1394.59;-64.4885;-72.6095;-61.7644;-50.3816;-70.1684;-62.9763;-73.7956;-62.2679;-48.6939;
-70.0905;370.013;-71.5434;-72.4929;-68.6558;-54.3592;-70.1684;-66.1683;-78.3823;-66.1846;-53.0839;
-68.6886;-69.8801;-25.3284;661.183;-41.4655;-41.2192;1517.67;-70.6389;-68.6514;-52.0244;-46.4099;
-69.2588;-69.8801;-16.745;1246.23;-42.2527;-40.7303;2972.66;-70.6389;-58.347;-50.9264;-38.3813;
-70.0905;1220.54;-45.8534;-74.0573;-55.2823;-42.7783;-70.1684;-65.9702;-64.6961;-51.6924;-39.6612;
-70.0905;1792.81;-63.6364;-72.4767;-58.8873;-50.1692;-70.1684;-62.6081;-73.2859;-62.0943;-48.713;
-70.0905;410.214;-70.9503;-72.4947;-68.2286;-54.0992;-70.1684;-65.4586;-78.0178;-65.9684;-53.0508;
-70.0905;-69.8801;-25.2102;1038.61;-41.6567;-41.2278;2336.79;-69.5646;-68.4528;-52.0235;-46.3128;
-70.0905;-69.8801;-16.7336;1295.21;-42.4893;-40.7636;3081.31;-69.3206;-58.3723;-50.9668;-38.3575;
-70.0905;1207.47;-45.8146;-74.0769;-55.4501;-42.7179;-70.1684;-65.3474;-64.7642;-51.6041;-39.6392;
-70.0905;1382.12;-64.5027;-72.6036;-61.8771;-50.4808;-70.1684;-62.609;-73.7578;-62.3815;-48.7505;
-70.0905;424.405;-71.4963;-72.4853;-68.3654;-54.391;-70.1684;-65.6047;-78.3516;-66.215;-53.1032;
-70.0905;-69.8801;-25.2913;919.142;-41.5972;-41.238;2075.77;-69.81;-68.646;-52.047;-46.3979;
-70.0905;-69.8801;-16.7288;1344.3;-42.3876;-40.7469;3196.48;-69.7958;-58.4173;-50.9472;-38.3771;
-70.0905;1027.71;-45.8907;-74.1272;-56.2022;-42.6914;-70.1684;-66.3358;-64.9462;-51.5494;-39.6429;
-70.0905;1338.31;-64.5656;-72.5989;-61.7859;-50.4798;-70.1684;-64.3925;-73.8653;-62.383;-48.772;
-70.0905;213.091;-71.7331;-72.5095;-69.4834;-54.4705;-70.1684;-68.1946;-78.4643;-66.2678;-53.1156;
-69.0918;-69.8801;-25.3803;747.893;-41.4663;-41.2317;1704.21;-70.6389;-68.7608;-52.0465;-46.4609;
-70.0905;-69.8801;-16.7227;1072.85;-42.2829;-40.7309;2572.12;-70.3549;-58.4026;-50.9274;-38.3922;
-70.0905;976.944;-46.6151;-74.0808;-57.1009;-43.2337;-70.1684;-66.3392;-65.3076;-52.2958;-39.8342;
-70.0905;1234.82;-65.0473;-72.6049;-62.6111;-50.7993;-70.1684;-64.3333;-74.1652;-62.7333;-48.9394;
-70.0905;195.658;-71.9895;-72.5078;-69.7451;-54.6784;-70.1684;-67.8804;-78.6348;-66.4364;-53.1895;
-69.221;-69.8801;-25.4267;830.827;-41.4599;-41.249;1882.03;-70.6389;-68.8829;-52.0768;-46.5195;
-70.0905;-69.8801;-16.7307;1082.4;-42.2999;-40.7291;2593.91;-70.1774;-58.4816;-50.926;-38.406;
-70.0905;1053.23;-46.4849;-74.0648;-56.6184;-43.1724;-70.1684;-66.2054;-65.1989;-52.2206;-39.8137;
-70.0905;1053.58;-65.3069;-72.653;-63.9402;-50.8905;-70.1684;-64.2151;-74.2413;-62.8074;-48.9273;
-70.0905;189.449;-72.214;-72.5082;-69.9442;-54.7913;-70.1684;-67.7635;-78.7236;-66.5256;-53.1973;
-69.8064;-69.8801;-25.4513;815.346;-41.4518;-41.2566;1847.62;-70.6389;-68.9403;-52.0906;-46.5507;
-70.0905;-69.8801;-16.7431;1085.96;-42.3709;-40.734;2601.48;-69.7261;-58.5532;-50.932;-38.4137;
-70.0905;1018.61;-46.5727;-74.0844;-56.9967;-43.1936;-70.1684;-65.6132;-65.341;-52.2428;-39.8298;
-70.0905;1224.8;-65.1043;-72.6168;-62.9024;-50.8074;-70.1684;-63.4275;-74.2073;-62.7359;-48.9356;
-70.0905;159.527;-72.13;-72.5171;-70.238;-54.7316;-70.1684;-66.7858;-78.6925;-66.474;-53.1924;
-68.5622;-69.8801;-25.4921;844.568;-41.4702;-41.2522;1910.89;-70.6389;-68.9735;-52.0839;-46.5552;
-70.0044;-69.8801;-16.7308;1253.29;-42.2132;-40.7175;2989.56;-70.6389;-58.4897;-50.9125;-38.4154;
-70.0905;1293.74;-45.7519;-74.044;-54.8958;-42.7277;-70.1684;-65.6207;-64.6294;-51.6317;-39.6506;
-70.0905;1548.18;-64.0957;-72.5575;-60.6625;-50.3391;-70.1684;-62.5045;-73.5024;-62.246;-48.7188;
-70.0905;253.506;-71.5287;-72.5175;-69.566;-54.3689;-70.1684;-65.4793;-78.2787;-66.1813;-53.0803;
-70.0905;-69.8801;-25.339;990.424;-41.5599;-41.2384;2229.49;-70.1094;-68.6765;-52.0507;-46.4244;
-70.0905;-69.8801;-16.7296;1238.39;-42.356;-40.7423;2952.52;-69.9654;-58.4108;-50.9416;-38.384;
-70.0905;1105.34;-46.0515;-74.0931;-56.0755;-42.8536;-70.1684;-65.7905;-64.9576;-51.7802;-39.6948;
-70.0905;1498.88;-64.384;-72.5631;-61.0157;-50.4586;-70.1684;-62.801;-73.762;-62.3777;-48.794;
-70.0905;373.438;-71.4462;-72.4937;-68.6527;-54.3654;-70.1684;-65.6741;-78.3385;-66.19;-53.1121;
-69.8978;-69.8801;-25.2733;899.45;-41.4549;-41.2262;2034.07;-70.6389;-68.5972;-52.0339;-46.3968;
-70.0905;-69.8801;-16.7089;1325.13;-42.2814;-40.7374;3153.88;-70.4703;-58.3052;-50.9346;-38.3752;
-70.0905;1137.56;-45.7659;-74.0892;-55.5312;-42.6744;-70.1684;-66.412;-64.7167;-51.5396;-39.6256;
-70.0905;1458.86;-64.2333;-72.5683;-60.9243;-50.3666;-70.1684;-64.1224;-73.6159;-62.2717;-48.7279;
-70.0905;186.959;-71.6062;-72.5181;-69.68;-54.3976;-70.1684;-67.7536;-78.3408;-66.2043;-53.0886;
-69.6063;-69.8801;-25.3527;879.365;-41.469;-41.2307;1989.31;-70.6389;-68.6903;-52.0434;-46.4388;
-70.0905;-69.8801;-16.7361;1020.5;-42.4086;-40.7453;2449.66;-69.6591;-58.4324;-50.9442;-38.3874;
-70.0905;1120.24;-46.6328;-74.0342;-56.5821;-43.3021;-70.1684;-65.3736;-65.2355;-52.4072;-39.8568;
-70.0905;1291.44;-64.9749;-72.5997;-62.4955;-50.7991;-70.1684;-62.987;-74.0929;-62.7357;-48.9389;
-70.0905;255.591;-71.9363;-72.5058;-69.6067;-54.6662;-70.1684;-66.0361;-78.5938;-66.428;-53.1868;
-70.0905;-69.8801;-25.4002;1003.83;-41.5311;-41.2569;2256.04;-70.1894;-68.865;-52.0851;-46.5058;
-70.0905;-69.8801;-16.7465;1236.43;-42.4296;-40.7431;2947.38;-69.4248;-58.5562;-50.9432;-38.4032;
-70.0905;1254.87;-45.8876;-74.0585;-55.309;-42.7899;-70.1684;-65.1452;-64.8054;-51.7105;-39.6755;
-70.0905;1448.01;-64.3854;-72.5843;-61.4329;-50.4552;-70.1684;-62.4272;-73.707;-62.3628;-48.7616;
-70.0905;300.375;-71.6181;-72.5074;-69.2814;-54.4336;-70.1684;-65.481;-78.3751;-66.2393;-53.1053;
-70.0905;-69.8801;-25.3492;1044.02;-41.5991;-41.2442;2344.96;-69.8485;-68.7336;-52.0589;-46.4373;
-70.0905;-69.8801;-16.7397;1278.16;-42.4147;-40.7462;3043.49;-69.5834;-58.4835;-50.9467;-38.3874;
-70.0905;1145.43;-45.9029;-74.0893;-55.7323;-42.7568;-70.1684;-65.7963;-64.8724;-51.6529;-39.6632;
-70.0905;1381.27;-64.5028;-72.5946;-61.7041;-50.4833;-70.1684;-63.3487;-73.7962;-62.389;-48.7707;
-70.0905;227.801;-71.7433;-72.5133;-69.6346;-54.4834;-70.1684;-66.6642;-78.4436;-66.2766;-53.1138;
-69.8171;-69.8801;-25.365;864.765;-41.4615;-41.2354;1957.12;-70.6389;-68.7446;-52.0522;-46.4604;
-70.0905;-69.8801;-16.723;1176.86;-42.2998;-40.7336;2811.73;-70.2648;-58.4018;-50.9306;-38.3917;
-70.0905;1186.28;-46.0482;-74.0499;-55.5804;-42.9195;-70.1684;-66.1561;-64.8326;-51.8849;-39.7116;
-70.0905;1431.72;-64.3774;-72.5683;-61.1794;-50.4875;-70.1684;-63.8824;-73.6999;-62.4071;-48.7923;
-70.0905;252.56;-71.5876;-72.5073;-69.2815;-54.4365;-70.1684;-67.3037;-78.3603;-66.2418;-53.1143;
-70.0905;-69.8801;-25.3322;900.992;-41.5365;-41.2407;2035.66;-70.201;-68.6952;-52.0556;-46.4334;
-70.0905;-69.8801;-16.732;1214.43;-42.3844;-40.7444;2897.1;-69.79;-58.4335;-50.944;-38.3856;
-70.0905;895.506;-46.3659;-74.1406;-57.2893;-42.9855;-70.1684;-66.3881;-65.3045;-51.9388;-39.7512;
-70.0905;1204.13;-65.0503;-72.6202;-62.7922;-50.7245;-70.1684;-64.6069;-74.1962;-62.6433;-48.8909;
-70.0905;195.132;-71.9934;-72.507;-69.6847;-54.6433;-70.1684;-68.3651;-78.65;-66.4084;-53.1734;
-67.8667;-69.8801;-25.4718;693.286;-41.4748;-41.2414;1584.62;-70.6389;-68.9201;-52.0656;-46.5243;
-70.0905;-69.8801;-16.7296;1006.76;-42.2474;-40.7219;2420.2;-70.4644;-58.4763;-50.9172;-38.4084;
-70.0905;1226.12;-46.5229;-74.0028;-55.9737;-43.2763;-70.1684;-65.2449;-65.0759;-52.3854;-39.848;
-70.0905;1457.17;-64.6029;-72.5627;-61.4271;-50.6611;-70.1684;-62.314;-73.8573;-62.6027;-48.8998;
-70.0905;271.19;-71.7346;-72.51;-69.5635;-54.5546;-70.1684;-65.1204;-78.4551;-66.3367;-53.1593;
-70.0905;-69.8801;-25.4018;1076.98;-41.7143;-41.2659;2413.78;-69.2166;-68.8593;-52.0904;-46.479;
-70.0905;-69.8801;-16.7504;1400.22;-42.4237;-40.7445;3324.74;-69.4432;-58.5814;-50.9463;-38.3983;
-70.0905;1135.06;-45.6481;-74.1103;-55.5106;-42.5447;-70.1684;-65.9603;-64.7923;-51.3623;-39.5994;
-70.0905;1357.77;-64.4319;-72.6058;-61.7539;-50.3994;-70.1684;-63.7776;-73.7558;-62.2893;-48.7177;
-70.0905;248.644;-71.6669;-72.5083;-69.3402;-54.4213;-70.1684;-67.4591;-78.4097;-66.2282;-53.093;
-69.7469;-69.8801;-25.3426;785.647;-41.4605;-41.2285;1786.5;-70.6389;-68.7011;-52.0403;-46.438;
-70.0905;-69.8801;-16.7177;1156.73;-42.2815;-40.7331;2765.59;-70.4021;-58.3662;-50.9297;-38.3862;
-70.0905;865.594;-46.5004;-74.1265;-57.4277;-43.0993;-70.1684;-67.0572;-65.3269;-52.0961;-39.7871;
-70.0905;1005.29;-65.4061;-72.6564;-64.0372;-50.8935;-70.1684;-65.6127;-74.3472;-62.8089;-48.9338;
-70.0905;111.788;-72.2975;-72.5129;-70.2282;-54.814;-70.1684;-69.7426;-78.7854;-66.5407;-53.2029;
-68.455;-69.8801;-25.5213;556.277;-41.467;-41.2553;1286.93;-70.6389;-69.0317;-52.0905;-46.5797;
-70.0905;-69.8801;-16.7476;894.851;-42.3368;-40.7268;2161.35;-69.8669;-58.5896;-50.9236;-38.422;
-70.0905;910.942;-47.3707;-74.0524;-58.3364;-43.7019;-70.1684;-65.0482;-65.8455;-52.9447;-40.0378;
-70.0905;1211.7;-65.5384;-72.6087;-63.3364;-51.0857;-70.1684;-62.407;-74.5342;-63.0421;-49.1121;
-70.0905;129.994;-72.381;-72.5208;-70.7297;-54.9187;-70.1684;-65.4475;-78.8705;-66.6195;-53.2664;
-69.3588;-69.8801;-25.5248;950.747;-41.4589;-41.2695;2138.56;-70.6389;-69.1032;-52.1142;-46.6138;
-70.0905;-69.8801;-16.7355;1230.53;-42.2435;-40.7169;2936.58;-70.3735;-58.5774;-50.9125;-38.4286;
-70.0905;1462.43;-45.6393;-74.003;-54.1875;-42.7073;-70.1684;-64.5804;-64.4817;-51.6218;-39.643;
-70.0905;1915.23;-63.3809;-72.4685;-58.5782;-50.0714;-70.1684;-60.4643;-73.0691;-61.9861;-48.6553;
-70.0905;1100.47;-69.7328;-72.3663;-63.6824;-53.6119;-70.1684;-62.7749;-77.4952;-65.6102;-52.9987;
-70.0905;-69.8801;-24.8301;984.193;-41.7194;-41.1951;2226.9;-69.1233;-67.7638;-51.9522;-46.0215;
-70.0905;-69.8801;-16.6846;1588.49;-42.4671;-40.7891;3756.14;-69.88;-57.9715;-50.9954;-38.2846;
-70.0905;1217.72;-45.2223;-74.0973;-54.8852;-42.2853;-70.1684;-65.4127;-64.3741;-51.0102;-39.4702;
-70.0905;1989.55;-63.0361;-72.4352;-57.5638;-49.8199;-70.1684;-62.2696;-72.9028;-61.7136;-48.5463;
-70.0905;499.032;-70.4989;-72.4872;-67.5209;-53.8108;-70.1684;-65.11;-77.7389;-65.7252;-52.9645;
-70.0905;-69.8801;-25.112;1004.56;-41.6746;-41.2076;2266.11;-69.5009;-68.2287;-51.9857;-46.2135;
-70.0905;-69.8801;-16.7176;1270.1;-42.4584;-40.7684;3023.49;-69.6363;-58.2283;-50.9716;-38.3336;
-70.0905;1119.25;-45.9372;-74.0851;-55.8376;-42.7959;-70.1684;-66.1383;-64.8226;-51.7027;-39.6575;
-70.0905;1283.12;-64.6605;-72.6121;-62.2283;-50.5588;-70.1684;-64.1417;-73.848;-62.464;-48.7816;
-70.0905;320.054;-71.6553;-72.4926;-68.7862;-54.4747;-70.1684;-67.7526;-78.4293;-66.2798;-53.1208;
-70.0905;-69.8801;-25.3172;860.459;-41.5096;-41.2375;1948.24;-70.3022;-68.6873;-52.0515;-46.4302;
-70.0905;-69.8801;-16.7364;1098.73;-42.4358;-40.749;2629.76;-69.4992;-58.453;-50.9492;-38.3846;
-70.0905;992.696;-46.5703;-74.0914;-57.1118;-43.1858;-70.1684;-65.7158;-65.3374;-52.228;-39.8186;
-70.0905;1313.33;-64.9335;-72.5924;-62.2106;-50.7393;-70.1684;-63.6368;-74.131;-62.674;-48.9247;
-70.0905;293.702;-71.7999;-72.4965;-69.129;-54.586;-70.1684;-66.9142;-78.568;-66.368;-53.178;
-69.6494;-69.8801;-25.3564;825.219;-41.4517;-41.2414;1871.15;-70.6389;-68.7819;-52.0623;-46.4737;
-70.0905;-69.8801;-16.7182;1201.59;-42.2737;-40.7304;2869.21;-70.3983;-58.4071;-50.927;-38.3939;
-70.0905;1159.08;-46.0168;-74.0624;-55.6617;-42.8813;-70.1684;-66.2954;-64.8404;-51.8287;-39.6999;
-70.0905;1434.14;-64.3602;-72.5671;-61.117;-50.4685;-70.1684;-64.0794;-73.6999;-62.3864;-48.7855;
-70.0905;225.211;-71.6048;-72.5106;-69.4197;-54.4347;-70.1684;-67.665;-78.3665;-66.2386;-53.1117;
-70.0905;-69.8801;-25.3306;895.027;-41.4852;-41.2364;2023.02;-70.4966;-68.6859;-52.051;-46.4361;
-70.0905;-69.8801;-16.7335;1143.66;-42.4062;-40.746;2733.71;-69.6744;-58.4314;-50.9455;-38.3861;
-70.0905;943.844;-46.5079;-74.1154;-57.2703;-43.1132;-70.1684;-65.9071;-65.3434;-52.1205;-39.7945;
-70.0905;1207.6;-65.1252;-72.6208;-62.9489;-50.7897;-70.1684;-63.8449;-74.2292;-62.7145;-48.922;
-70.0905;228.681;-72.0198;-72.5048;-69.6355;-54.6788;-70.1684;-67.2455;-78.667;-66.438;-53.1865;
-68.5846;-69.8801;-25.448;683.745;-41.4643;-41.2457;1563.83;-70.6389;-68.9083;-52.0722;-46.5244;
-70.0905;-69.8801;-16.7237;1119.88;-42.227;-40.721;2681.55;-70.5952;-58.4563;-50.9163;-38.4074;
-70.0905;1222;-46.1885;-74.0356;-55.6611;-43.0276;-70.1684;-65.5146;-64.9064;-52.0369;-39.7544;
-70.0905;1504.75;-64.3798;-72.5577;-61.0271;-50.5148;-70.1684;-62.4737;-73.7156;-62.4429;-48.8214;
-70.0905;283.78;-71.5986;-72.5093;-69.374;-54.4525;-70.1684;-65.4419;-78.3686;-66.254;-53.1241;
-70.0905;-69.8801;-25.3596;1061.37;-41.649;-41.2521;2381.76;-69.5821;-68.7598;-52.0694;-46.4444;
-70.0905;-69.8801;-16.7514;1213.35;-42.4831;-40.7524;2893.04;-69.1701;-58.5456;-50.9546;-38.3898;
-70.0905;1181.1;-46.0142;-74.0685;-55.689;-42.8595;-70.1684;-65.589;-64.9186;-51.7995;-39.6986;
-70.0905;1199.56;-64.8613;-72.6362;-62.974;-50.6495;-70.1684;-63.5448;-73.967;-62.5519;-48.811;
-70.0905;202.302;-71.9981;-72.5129;-69.8704;-54.633;-70.1684;-67.1063;-78.5742;-66.3974;-53.1428;
-70.0905;-69.8801;-25.4256;890.914;-41.5554;-41.2539;2011.68;-70.0751;-68.884;-52.0801;-46.5087;
-70.0905;-69.8801;-16.7438;1176.91;-42.3811;-40.7375;2810.87;-69.6907;-58.5443;-50.9367;-38.4045;
-70.0905;991.01;-46.3246;-74.1082;-56.7795;-43.0049;-70.1684;-66.2737;-65.2197;-51.9791;-39.7596;
-70.0905;1277.2;-64.8463;-72.6012;-62.2346;-50.6608;-70.1684;-64.5153;-74.0659;-62.5828;-48.8737;
-70.0905;186.744;-71.8945;-72.5101;-69.7117;-54.5929;-70.1684;-68.2724;-78.5779;-66.3667;-53.1603;
-69.1787;-69.8801;-25.412;719.242;-41.4626;-41.2418;1641.17;-70.6389;-68.8466;-52.0644;-46.4989;
-70.0905;-69.8801;-16.7255;1087.48;-42.2742;-40.7276;2606.1;-70.3524;-58.4467;-50.9239;-38.4011;
-70.0905;879.049;-46.7006;-74.111;-57.6331;-43.2424;-70.1684;-66.552;-65.4532;-52.2963;-39.845;
-70.0905;1062.62;-65.4229;-72.6435;-63.8182;-50.9338;-70.1684;-64.7652;-74.3874;-62.8596;-48.9747;
-70.0905;133.532;-72.2869;-72.5125;-70.223;-54.8252;-70.1684;-68.5714;-78.7953;-66.5499;-53.2166;
-68.7607;-69.8801;-25.5087;659.631;-41.4629;-41.2575;1510.37;-70.6389;-69.0301;-52.0938;-46.5798;
-70.0905;-69.8801;-16.7315;1080.95;-42.2285;-40.7172;2591.82;-70.5089;-58.5273;-50.9124;-38.421;
-70.0905;965.413;-46.6071;-74.0899;-57.1484;-43.2119;-70.1684;-66.3275;-65.351;-52.2647;-39.8367;
-70.0905;1171.02;-65.1834;-72.6234;-63.1285;-50.8417;-70.1684;-64.153;-74.2449;-62.7699;-48.9465;
-70.0905;167.65;-72.1295;-72.512;-70.037;-54.7414;-70.1684;-67.7188;-78.7033;-66.4843;-53.1982;
-69.2058;-69.8801;-25.4615;843.939;-41.4601;-41.253;1909.7;-70.6389;-68.9488;-52.0848;-46.547;
-70.0905;-69.8801;-16.7317;1113.77;-42.2745;-40.7244;2666.66;-70.2865;-58.5056;-50.9206;-38.4128;
-70.0905;1053.49;-46.3877;-74.0729;-56.5027;-43.1002;-70.1684;-66.3456;-65.152;-52.1204;-39.7892;
-70.0905;1048;-65.2732;-72.6562;-63.9462;-50.8595;-70.1684;-64.3361;-74.2163;-62.7719;-48.907;
-70.0905;145.22;-72.2642;-72.5148;-70.2515;-54.7989;-70.1684;-67.9583;-78.7309;-66.5282;-53.1905;
-69.07;-69.8801;-25.4964;839.263;-41.4625;-41.2564;1898.97;-70.6389;-68.9859;-52.0915;-46.5681;
-70.0905;-69.8801;-16.7391;1070.12;-42.2973;-40.7252;2565.7;-70.1274;-58.5403;-50.9217;-38.4185;
-70.0905;1084.31;-46.495;-74.057;-56.5253;-43.1859;-70.1684;-65.9181;-65.2038;-52.2428;-39.8229;
-70.0905;1161.36;-65.1354;-72.6311;-63.2744;-50.8286;-70.1684;-63.6633;-74.1662;-62.7514;-48.9219;
-70.0905;178.861;-72.1419;-72.5136;-70.0941;-54.7471;-70.1684;-66.9845;-78.6797;-66.4882;-53.1894;
-69.7743;-69.8801;-25.4477;864.286;-41.4559;-41.2549;1953.65;-70.6389;-68.9266;-52.0875;-46.5435;
-70.0905;-69.8801;-16.726;1224.1;-42.246;-40.7229;2921.6;-70.4708;-58.4761;-50.9189;-38.4114;
-70.0905;966.107;-46.2283;-74.1239;-56.7802;-42.9237;-70.1684;-66.5111;-65.1586;-51.863;-39.7314;
-70.0905;1334.81;-64.7377;-72.5926;-61.9112;-50.5981;-70.1684;-64.136;-74.0023;-62.5181;-48.8498;
-70.0905;187.399;-71.8535;-72.5134;-69.7886;-54.5558;-70.1684;-67.6165;-78.5449;-66.3351;-53.1483;
-68.1481;-69.8801;-25.4447;710.371;-41.4772;-41.2377;1622.07;-70.6389;-68.8576;-52.0582;-46.5001;
-69.7357;-69.8801;-16.7373;1199.02;-42.2271;-40.7218;2864.16;-70.6389;-58.4396;-50.917;-38.403;
-70.0905;1194.16;-46.0119;-74.06;-55.5891;-42.8777;-70.1684;-65.7932;-64.8352;-51.826;-39.7029;
-70.0905;1475.32;-64.3709;-72.5698;-61.1742;-50.4715;-70.1684;-62.7211;-73.7024;-62.3885;-48.7858;
-70.0905;222.157;-71.6942;-72.5183;-69.7916;-54.4697;-70.1684;-65.768;-78.3953;-66.2633;-53.1138;
-70.0905;-69.8801;-25.3744;885.267;-41.5586;-41.2454;2000.76;-70.0997;-68.7667;-52.0637;-46.4603;
-70.0905;-69.8801;-16.7357;1239.07;-42.3681;-40.7404;2954.26;-69.8383;-58.4696;-50.9396;-38.3927;
-70.0905;1212.45;-45.9276;-74.0682;-55.5192;-42.8063;-70.1684;-65.3514;-64.8273;-51.7275;-39.6778;
-70.0905;1779.84;-63.7247;-72.482;-59.0409;-50.2021;-70.1684;-62.4426;-73.38;-62.1292;-48.734;
-70.0905;383.181;-71.0418;-72.4991;-68.467;-54.1411;-70.1684;-65.3419;-78.0816;-66.0014;-53.0624;
-70.0905;-69.8801;-25.2406;1103.47;-41.6868;-41.233;2476.55;-69.3979;-68.5259;-52.0318;-46.3351;
-70.0905;-69.8801;-16.7446;1235.94;-42.5374;-40.7656;2944.05;-68.9986;-58.4467;-50.9695;-38.3635;
-70.0905;1155.81;-46.0228;-74.0823;-55.8918;-42.8458;-70.1684;-65.3244;-64.9437;-51.7745;-39.6884;
-70.0905;1251.88;-64.8181;-72.6273;-62.7189;-50.6258;-70.1684;-63.109;-73.9606;-62.5303;-48.809;
-70.0905;213.11;-71.9646;-72.5135;-69.865;-54.611;-70.1684;-66.5306;-78.5628;-66.3795;-53.14;
-70.0905;-69.8801;-25.4024;896.67;-41.465;-41.245;2024.98;-70.5864;-68.8344;-52.0691;-46.4998;
-70.0905;-69.8801;-16.731;1282.49;-42.3236;-40.733;3055.3;-70.0671;-58.4677;-50.9304;-38.4012;
-70.0905;1137.11;-45.9007;-74.0931;-55.7661;-42.7516;-70.1684;-65.8431;-64.8656;-51.6443;-39.664;
-70.0905;1433.11;-64.4138;-72.5819;-61.367;-50.4474;-70.1684;-63.2054;-73.7518;-62.3555;-48.7666;
-70.0905;290.183;-71.5952;-72.5049;-69.1753;-54.4166;-70.1684;-66.416;-78.3831;-66.2263;-53.107;
-69.0814;-69.8801;-25.346;892.248;-41.4668;-41.2289;2017.52;-70.6389;-68.6861;-52.0404;-46.4334;
-70.0905;-69.8801;-16.7152;1247.23;-42.2585;-40.7316;2974.54;-70.5489;-58.3458;-50.9279;-38.3852;
-70.0905;1234.71;-45.8269;-74.0526;-55.1898;-42.771;-70.1684;-65.9732;-64.6694;-51.6839;-39.6563;
-70.0905;1496.6;-64.191;-72.5619;-60.8374;-50.3845;-70.1684;-63.3096;-73.5624;-62.2949;-48.7373;
-70.0905;213.038;-71.5914;-72.5186;-69.6854;-54.4055;-70.1684;-66.5667;-78.3169;-66.2108;-53.0904;
-70.0905;-69.8801;-25.3415;911.646;-41.4964;-41.236;2058.93;-70.4631;-68.6803;-52.05;-46.4355;
-70.0905;-69.8801;-16.7193;1236.93;-42.2878;-40.7354;2950.22;-70.3738;-58.364;-50.9329;-38.3858;
-70.0905;945.041;-46.1915;-74.1228;-56.7472;-42.9059;-70.1684;-67.0478;-65.103;-51.8375;-39.716;
-70.0905;1234.01;-64.8417;-72.6096;-62.3576;-50.6369;-70.1684;-65.33;-74.0313;-62.5521;-48.8459;
-70.0905;148.408;-71.9282;-72.5129;-69.8452;-54.5959;-70.1684;-69.3277;-78.5755;-66.3675;-53.1515;
-68.6962;-69.8801;-25.4395;596.159;-41.4696;-41.2411;1374.61;-70.6389;-68.8673;-52.0639;-46.5076;
-70.0905;-69.8801;-16.7348;946.924;-42.3169;-40.7305;2281.48;-70.0852;-58.4838;-50.9273;-38.4041;
-70.0905;883.298;-47.1902;-74.0718;-58.2124;-43.5806;-70.1684;-65.6438;-65.7283;-52.7703;-39.9799;
-70.0905;1147.94;-65.5415;-72.6216;-63.5793;-51.0595;-70.1684;-63.2824;-74.5057;-63.0071;-49.0757;
-70.0905;118.425;-72.3815;-72.519;-70.6398;-54.9081;-70.1684;-66.6055;-78.8608;-66.6119;-53.2545;
-69.1294;-69.8801;-25.5287;784.989;-41.4606;-41.2673;1780.49;-70.6389;-69.0952;-52.1106;-46.6099;
-69.5075;-69.8801;-16.7534;1291.5;-42.2037;-40.7125;3078.08;-70.6389;-58.5677;-50.9074;-38.4289;
-70.0905;1205.38;-45.7352;-74.0686;-55.1418;-42.676;-70.1684;-66.403;-64.695;-51.5541;-39.6422;
-70.0905;1571;-63.9953;-72.5417;-60.2471;-50.2787;-70.1684;-63.472;-73.4847;-62.186;-48.7123;
-70.0905;240.511;-71.4225;-72.5154;-69.3883;-54.3053;-70.1684;-66.7498;-78.2411;-66.1299;-53.0725;
-69.737;-69.8801;-25.3076;870.99;-41.4692;-41.2252;1972.11;-70.6389;-68.603;-52.0325;-46.4029;
-70.0905;-69.8801;-16.714;1248.6;-42.285;-40.7372;2977.25;-70.4434;-58.3129;-50.9343;-38.3777;
-70.0905;1194.52;-45.8722;-74.0622;-55.4014;-42.7877;-70.1684;-66.1212;-64.7189;-51.7021;-39.6613;
-70.0905;1472.52;-64.2662;-72.5668;-60.9917;-50.4139;-70.1684;-63.4429;-73.6178;-62.3255;-48.7503;
-70.0905;319.487;-71.4569;-72.5001;-68.8734;-54.3617;-70.1684;-66.6655;-78.2925;-66.184;-53.0946;
-70.0905;-69.8801;-25.2827;908.609;-41.4764;-41.2293;2053.58;-70.5324;-68.5925;-52.038;-46.3985;
-70.0905;-69.8801;-16.7155;1230.06;-42.3184;-40.7413;2933.91;-70.25;-58.3268;-50.9394;-38.3762;
-70.0905;974.166;-46.1858;-74.1152;-56.6521;-42.9143;-70.1684;-66.7832;-65.0751;-51.8513;-39.7149;
-70.0905;1239.98;-64.8426;-72.611;-62.398;-50.6423;-70.1684;-64.9558;-74.0196;-62.5573;-48.8439;
-70.0905;153.401;-71.9429;-72.5139;-69.8935;-54.6046;-70.1684;-68.8244;-78.5754;-66.3741;-53.1512;
-68.6569;-69.8801;-25.4452;729.092;-41.4706;-41.2419;1662.24;-70.6389;-68.8721;-52.0654;-46.5109;
-70.0905;-69.8801;-16.7328;1008.51;-42.2965;-40.7284;2423.59;-70.2028;-58.4753;-50.9249;-38.4049;
-70.0905;979.878;-46.8346;-74.0658;-57.3654;-43.3819;-70.1684;-65.8721;-65.4519;-52.5032;-39.8967;
-70.0905;1184.28;-65.2689;-72.6174;-63.16;-50.9176;-70.1684;-63.673;-74.3017;-62.8558;-48.994;
-70.0905;151.281;-72.2054;-72.5157;-70.2866;-54.7984;-70.1684;-66.9981;-78.7428;-66.5277;-53.2175;
-69.5089;-69.8801;-25.4741;832.015;-41.458;-41.2593;1883.26;-70.6389;-68.9864;-52.0955;-46.566;
-70.0293;-69.8801;-16.7272;1286.06;-42.212;-40.7177;3065.23;-70.6389;-58.4936;-50.913;-38.4169;
-70.0905;1100.31;-45.8772;-74.0944;-55.742;-42.7372;-70.1684;-66.7017;-64.8407;-51.6246;-39.6616;
-70.0905;1417.98;-64.3458;-72.5744;-61.1596;-50.4188;-70.1684;-64.4096;-73.7111;-62.3273;-48.7594;
-70.0905;126.032;-71.7391;-72.525;-70.098;-54.4632;-70.1684;-68.1585;-78.4147;-66.2544;-53.1049;
-69.0444;-69.8801;-25.4097;742.612;-41.4761;-41.2351;1692.27;-70.6389;-68.7819;-52.0524;-46.4746;
-70.0905;-69.8801;-16.7216;1088.83;-42.2456;-40.7269;2609.38;-70.5636;-58.3956;-50.9227;-38.3959;
-70.0905;944.394;-46.5845;-74.0896;-57.1494;-43.2043;-70.1684;-66.7804;-65.2983;-52.2524;-39.8241;
-70.0905;1137.88;-65.1875;-72.6252;-63.173;-50.8447;-70.1684;-64.987;-74.2278;-62.7722;-48.9404;
-70.0905;96.6125;-72.1954;-72.5191;-70.3993;-54.7705;-70.1684;-68.8563;-78.7178;-66.5038;-53.1973;
-69.414;-69.8801;-25.4806;682.817;-41.4613;-41.2569;1560.72;-70.6389;-68.9824;-52.0917;-46.5625;
-70.0905;-69.8801;-16.7383;1092.17;-42.3058;-40.7263;2616.79;-70.0798;-58.5428;-50.923;-38.4168;
-70.0905;829.069;-46.7944;-74.1332;-58.0652;-43.262;-70.1684;-66.0892;-65.6084;-52.3158;-39.8634;
-70.0905;1136.02;-65.408;-72.6312;-63.4982;-50.9214;-70.1684;-63.9688;-74.4406;-62.8527;-48.9936;
-70.0905;101.068;-72.3273;-72.5206;-70.6086;-54.8342;-70.1684;-67.539;-78.829;-66.553;-53.2227;
-67.9321;-69.8801;-25.5606;624.696;-41.4762;-41.2578;1434.46;-70.6389;-69.102;-52.0958;-46.6026;
-69.3012;-69.8801;-16.7661;1127.35;-42.2041;-40.7108;2699.35;-70.6389;-58.5808;-50.9052;-38.429;
-70.0905;1033.4;-46.4814;-74.1026;-56.9619;-43.1072;-70.1684;-65.0903;-65.3103;-52.1208;-39.8059;
-70.0905;1998.32;-63.7352;-72.4237;-58.1655;-50.2535;-70.1684;-60.4054;-73.5296;-62.217;-48.8504;
-70.0905;615.626;-70.7213;-72.4731;-67.3747;-54.0315;-70.1684;-61.9924;-78.019;-65.9219;-53.0931;
-70.0905;-69.8801;-25.1588;1076.19;-41.7642;-41.2314;2418.87;-68.9371;-68.4353;-52.0225;-46.2778;
-69.8186;-69.8801;-16.7107;1891.14;-42.2669;-40.7449;4458.86;-70.6389;-58.2648;-50.9455;-38.3482;
-70.0905;750.228;-45.3004;-74.2518;-57.2267;-42.0723;-70.1684;-65.5497;-65.038;-50.6673;-39.4453;
-70.0905;2278.18;-62.964;-72.3854;-56.5421;-49.6757;-70.1684;-59.4556;-73.1511;-61.5725;-48.576;
-70.0905;1581.03;-68.5548;-72.2628;-60.8005;-52.9826;-70.1684;-59.9124;-77.0259;-65.0872;-52.9239;
-70.0905;-69.8801;-24.6313;1049.62;-42.3324;-41.1981;2372.94;-66.0106;-67.4894;-51.9196;-45.7892;
-70.0905;-69.8801;-16.6877;2315.45;-42.5671;-40.8139;5426.47;-69.4069;-57.972;-51.0286;-38.2327;
-70.0905;1254.79;-43.842;-74.06;-53.1977;-41.3403;-70.1684;-66.4808;-63.7108;-49.7672;-39.1396;
-70.0905;2772.96;-60.3933;-72.1127;-51.4271;-48.6106;-70.1684;-63.5858;-71.0939;-60.4184;-48.0859;
-70.0905;1260.22;-67.2917;-72.3098;-60.9027;-52.2227;-70.1684;-66.7886;-75.7852;-64.3347;-52.6045;
-70.0905;-69.8801;-24.334;974.341;-41.805;-41.121;2219.12;-69.041;-66.4669;-51.804;-45.5185;
-70.0905;-69.8801;-16.667;1169.32;-42.7896;-40.8702;2783.81;-68.8516;-57.4113;-51.0881;-38.1667;
-70.0905;945.373;-46.4878;-74.0989;-57.3807;-43.1568;-70.1684;-65.6024;-65.0732;-52.1699;-39.7337;
-70.0905;1323.29;-64.9289;-72.5915;-62.17;-50.7464;-70.1684;-63.6502;-74.036;-62.6824;-48.8921;
-70.0905;526.411;-71.4227;-72.4559;-67.4049;-54.4479;-70.1684;-66.6714;-78.4068;-66.2758;-53.1602;
-69.2728;-69.8801;-25.2335;801.604;-41.4444;-41.2277;1822.42;-70.6389;-68.5447;-52.0354;-46.3786;
-70.0905;-69.8801;-16.714;1155.25;-42.3586;-40.7469;2760.95;-70.0461;-58.316;-50.9458;-38.3704;
-70.0905;1238.77;-46.0921;-74.0381;-55.5436;-42.9659;-70.1684;-65.3362;-64.825;-51.9508;-39.7205;
-70.0905;1432.05;-64.4728;-72.5787;-61.4888;-50.539;-70.1684;-62.7001;-73.7372;-62.4592;-48.8042;
-70.0905;345.072;-71.5674;-72.4977;-68.9058;-54.4468;-70.1684;-65.7064;-78.3647;-66.2549;-53.121;
-70.0905;-69.8801;-25.3429;1023.17;-41.6877;-41.2531;2299.29;-69.3442;-68.7391;-52.0686;-46.4295;
-70.0905;-69.8801;-16.7498;1245.29;-42.4795;-40.7533;2966.69;-69.1987;-58.5383;-50.9559;-38.3862;
-70.0905;1157.56;-45.9693;-74.0812;-55.7537;-42.8107;-70.1684;-65.6603;-64.9186;-51.729;-39.6823;
-70.0905;1316.03;-64.637;-72.6084;-62.137;-50.5481;-70.1684;-63.5103;-73.8706;-62.4541;-48.7907;
-70.0905;344.251;-71.6329;-72.4919;-68.7407;-54.4624;-70.1684;-66.9373;-78.4326;-66.2701;-53.1229;
-70.0905;-69.8801;-25.3249;881.307;-41.5772;-41.2419;1993.06;-69.9221;-68.7174;-52.0557;-46.4295;
-70.0905;-69.8801;-16.7381;1168.58;-42.4293;-40.748;2790.85;-69.5118;-58.4785;-50.9486;-38.385;
-70.0905;944.529;-46.4192;-74.1182;-57.1173;-43.0519;-70.1684;-66.2166;-65.3011;-52.0374;-39.7728;
-70.0905;1195.58;-65.0625;-72.6202;-62.852;-50.7509;-70.1684;-64.554;-74.1915;-62.6722;-48.9016;
-70.0905;257.837;-71.9095;-72.4969;-69.2272;-54.6242;-70.1684;-68.2599;-78.6219;-66.3981;-53.1762;
-69.1701;-69.8801;-25.3933;700.167;-41.4552;-41.2415;1600.07;-70.6389;-68.8335;-52.0638;-46.4928;
-70.0905;-69.8801;-16.7236;1090.65;-42.2788;-40.7286;2613.4;-70.3344;-58.4404;-50.925;-38.3992;
-70.0905;906.187;-46.6582;-74.1053;-57.4736;-43.2248;-70.1684;-66.4723;-65.4081;-52.2747;-39.8367;
-70.0905;1073.51;-65.3825;-72.6426;-63.7557;-50.9168;-70.1684;-64.6398;-74.354;-62.8416;-48.9644;
-70.0905;188.923;-72.194;-72.505;-69.8236;-54.7857;-70.1684;-68.3768;-78.7565;-66.5225;-53.2108;
-69.0875;-69.8801;-25.466;773.939;-41.4564;-41.2541;1758.16;-70.6389;-68.9664;-52.0871;-46.554;
-70.0905;-69.8801;-16.7492;935.407;-42.4018;-40.7355;2253.9;-69.5306;-58.5864;-50.9338;-38.4151;
-70.0905;1186.14;-46.8417;-73.9941;-56.5168;-43.4693;-70.1684;-64.8419;-65.3339;-52.6517;-39.9321;
-70.0905;1217.39;-65.2073;-72.6182;-63.2106;-50.9312;-70.1684;-62.2505;-74.2122;-62.8699;-48.9938;
-70.0905;1397.93;-69.9716;-72.2443;-61.1598;-53.9635;-70.1684;-65.5628;-77.9032;-65.9699;-53.1789;
-70.0905;-69.8801;-24.742;1017.1;-41.691;-41.21;2298.33;-69.0474;-67.758;-51.9754;-46.0248;
-70.0905;-69.8801;-16.6883;1412.86;-42.582;-40.8018;3349.57;-69.2188;-58.0269;-51.011;-38.2828;
-70.0905;1126.03;-45.6648;-74.1049;-55.6656;-42.5821;-70.1684;-65.7226;-64.6747;-51.4051;-39.5718;
-70.0905;1302.19;-64.575;-72.6207;-62.2128;-50.4735;-70.1684;-63.6469;-73.777;-62.3646;-48.72;
-70.0905;288.463;-71.7036;-72.5016;-69.1274;-54.4606;-70.1684;-67.2005;-78.4224;-66.2637;-53.0987;
-69.9485;-69.8801;-25.3327;886.339;-41.4554;-41.2311;2004.54;-70.6389;-68.6868;-52.0443;-46.4373;
-70.0905;-69.8801;-16.732;1089.19;-42.3989;-40.7447;2608.23;-69.7194;-58.4226;-50.9435;-38.3863;
-70.0905;1155.06;-46.3773;-74.0448;-56.1716;-43.1324;-70.1684;-65.4664;-65.0739;-52.1738;-39.791;
-70.0905;1385.05;-64.686;-72.5818;-61.7948;-50.6505;-70.1684;-62.9699;-73.9164;-62.5813;-48.8737;
-70.0905;326.236;-71.6751;-72.4973;-69.0182;-54.5204;-70.1684;-65.992;-78.4575;-66.3149;-53.1521;
-70.0905;-69.8801;-25.3417;1013.37;-41.5695;-41.2487;2278.26;-69.9753;-68.7513;-52.0675;-46.4498;
-70.0905;-69.8801;-16.7441;1217.74;-42.4597;-40.75;2903.68;-69.317;-58.5138;-50.9512;-38.3899;
-70.0905;1139.41;-46.0786;-74.0844;-55.999;-42.8788;-70.1684;-65.4202;-64.9947;-51.819;-39.7073;
-70.0905;1271.46;-64.8143;-72.622;-62.6119;-50.63;-70.1684;-62.9926;-73.9751;-62.5379;-48.8218;
-70.0905;272.394;-71.8748;-72.5054;-69.4659;-54.5785;-70.1684;-66.1944;-78.5408;-66.3575;-53.1426;
-70.0905;-69.8801;-25.3776;889.419;-41.4951;-41.2445;2009.67;-70.3964;-68.8039;-52.0659;-46.4806;
-70.0905;-69.8801;-16.7254;1294.46;-42.2999;-40.7323;3083.11;-70.2236;-58.442;-50.9297;-38.3964;
-70.0905;1063.72;-45.9248;-74.1067;-56.001;-42.7497;-70.1684;-66.5682;-64.9046;-51.6357;-39.663;
-70.0905;1378.26;-64.4575;-72.5837;-61.4315;-50.4598;-70.1684;-64.5617;-73.7896;-62.3684;-48.7738;
-70.0905;178.966;-71.7118;-72.515;-69.6836;-54.462;-70.1684;-68.356;-78.4319;-66.2583;-53.1125;
-69.0276;-69.8801;-25.388;740.995;-41.4708;-41.233;1689.12;-70.6389;-68.759;-52.0486;-46.463;
-70.0905;-69.8801;-16.7234;1045.44;-42.2802;-40.7308;2508.86;-70.3717;-58.4008;-50.9273;-38.3929;
-70.0905;946.471;-46.7274;-74.0787;-57.3224;-43.3053;-70.1684;-66.4832;-65.3809;-52.3932;-39.8619;
-70.0905;1154.45;-65.2312;-72.6197;-63.1397;-50.8855;-70.1684;-64.6544;-74.2675;-62.8196;-48.9703;
-70.0905;157.918;-72.1357;-72.5106;-70.0055;-54.7602;-70.1684;-68.3518;-78.7107;-66.5;-53.2074;
-69.5118;-69.8801;-25.451;809.831;-41.4562;-41.2555;1835.82;-70.6389;-68.944;-52.0885;-46.5473;
-70.0905;-69.8801;-16.738;1055.55;-42.3323;-40.7302;2531.71;-69.9484;-58.5345;-50.9276;-38.4128;
-70.0905;1043.56;-46.597;-74.0637;-56.8215;-43.2395;-70.1684;-65.9178;-65.2958;-52.3123;-39.8432;
-70.0905;1223.99;-65.0678;-72.6122;-62.8052;-50.8111;-70.1684;-63.7812;-74.1671;-62.7423;-48.9384;
-70.0905;196.402;-72.0416;-72.5104;-69.8849;-54.7036;-70.1684;-67.1513;-78.6515;-66.4553;-53.1909;
-69.5723;-69.8801;-25.4294;851.963;-41.457;-41.2516;1927.48;-70.6389;-68.8968;-52.0813;-46.5275;
-70.0905;-69.8801;-16.7257;1337.53;-42.2602;-40.7252;3183.31;-70.4049;-58.4669;-50.9214;-38.4075;
-70.0905;1056.2;-45.881;-74.1243;-56.1073;-42.6895;-70.1684;-66.0751;-64.9299;-51.5491;-39.649;
-70.0905;1436.32;-64.4378;-72.5828;-61.3502;-50.4313;-70.1684;-63.281;-73.7976;-62.3371;-48.7654;
-70.0905;259.39;-71.645;-72.5095;-69.3929;-54.4239;-70.1684;-66.4868;-78.4154;-66.2299;-53.1079;
-68.7631;-69.8801;-25.3739;841.395;-41.4713;-41.2284;1907.1;-70.6389;-68.7313;-52.0406;-46.4478;
-69.9336;-69.8801;-16.7223;1185.49;-42.2395;-40.7276;2832.4;-70.6389;-58.3667;-50.9234;-38.3894;
-70.0905;1358.23;-45.8389;-74.0104;-54.7172;-42.8392;-70.1684;-65.3459;-64.5775;-51.7922;-39.6762;
-70.0905;1730.82;-63.773;-72.5056;-59.5409;-50.2523;-70.1684;-61.7623;-73.3023;-62.1739;-48.716;
-70.0905;448.094;-71.0633;-72.4932;-68.2648;-54.1756;-70.1684;-64.1889;-78.0597;-66.0335;-53.0597;
-70.0905;-69.8801;-25.2479;1081.98;-41.75;-41.2411;2429.24;-69.05;-68.5256;-52.0418;-46.3345;
-70.0905;-69.8801;-16.7352;1405.25;-42.4483;-40.7585;3335.37;-69.5019;-58.4078;-50.9618;-38.3634;
-70.0905;1170.11;-45.6227;-74.1025;-55.4159;-42.544;-70.1684;-65.5588;-64.7172;-51.3617;-39.5864;
-70.0905;1655.47;-63.8865;-72.5302;-59.8644;-50.195;-70.1684;-62.7259;-73.4573;-62.0972;-48.6807;
-70.0905;431.691;-71.0787;-72.4878;-68.0792;-54.1415;-70.1684;-65.8434;-78.1221;-66.0069;-53.0515;
-70.0905;-69.8801;-25.204;933.509;-41.552;-41.218;2109.58;-70.1059;-68.4575;-52.013;-46.3212;
-70.0905;-69.8801;-16.7142;1287.81;-42.3685;-40.751;3066.22;-70.0317;-58.2896;-50.9508;-38.358;
-70.0905;1126.48;-45.8668;-74.0853;-55.685;-42.7483;-70.1684;-66.3706;-64.7793;-51.6398;-39.6469;
-70.0905;1392.11;-64.3948;-72.5822;-61.3657;-50.446;-70.1684;-64.3414;-73.7104;-62.3537;-48.7554;
-70.0905;253.391;-71.5825;-72.5046;-69.1599;-54.4135;-70.1684;-68.0564;-78.3635;-66.224;-53.1025;
-70.0905;-69.8801;-25.3163;826.49;-41.4848;-41.2329;1874.97;-70.4833;-68.6636;-52.045;-46.4242;
-70.0905;-69.8801;-16.744;988.097;-42.4984;-40.7551;2374.04;-69.1572;-58.4699;-50.9561;-38.3836;
-70.0905;1106.74;-46.7998;-74.0343;-56.9177;-43.3979;-70.1684;-64.7898;-65.3801;-52.5376;-39.8968;
-70.0905;1431.72;-64.8399;-72.5662;-61.7116;-50.7642;-70.1684;-62.1676;-74.0755;-62.7147;-48.9653;
-70.0905;326.433;-71.749;-72.4992;-69.1994;-54.5855;-70.1684;-64.9694;-78.5324;-66.3668;-53.1878;
-70.0905;-69.8801;-25.3723;1042.3;-41.6273;-41.2595;2339.59;-69.6489;-68.8396;-52.0834;-46.4762;
-70.0905;-69.8801;-16.7452;1328.43;-42.4281;-40.7448;3159.31;-69.4387;-58.5574;-50.946;-38.3964;
-70.0905;1275.08;-45.626;-74.0626;-54.8886;-42.6068;-70.1684;-65.5292;-64.6398;-51.4636;-39.611;
-70.0905;1426.09;-64.26;-72.5904;-61.3647;-50.3663;-70.1684;-63.1883;-73.6024;-62.2599;-48.7019;
-70.0905;233.54;-71.6324;-72.5151;-69.5597;-54.4091;-70.1684;-66.6835;-78.3462;-66.2152;-53.0821;
-70.0905;-69.8801;-25.3587;908.419;-41.5777;-41.2405;2051.48;-69.9914;-68.7268;-52.0543;-46.4386;
-70.0905;-69.8801;-16.7334;1185.49;-42.3625;-40.7411;2830.61;-69.8941;-58.4467;-50.9404;-38.3877;
-70.0905;998.919;-46.2591;-74.1003;-56.592;-42.9798;-70.1684;-66.7219;-65.123;-51.9468;-39.7421;
-70.0905;1276.12;-64.7654;-72.5965;-62.063;-50.6298;-70.1684;-65.1911;-73.9939;-62.551;-48.8553;
-70.0905;194.608;-71.8093;-72.5063;-69.4839;-54.5533;-70.1684;-69.1744;-78.5269;-66.3367;-53.1504;
-69.494;-69.8801;-25.3787;705.225;-41.4591;-41.2395;1611.26;-70.6389;-68.7898;-52.0595;-46.4773;
-70.0905;-69.8801;-16.7328;1039.96;-42.3604;-40.7377;2495.47;-69.8793;-58.4615;-50.9356;-38.396;
-70.0905;870.627;-46.9069;-74.1063;-58.0112;-43.3698;-70.1684;-65.8042;-65.6084;-52.4707;-39.8953;
-70.0905;1313.5;-65.1115;-72.5843;-62.2507;-50.8404;-70.1684;-63.7113;-74.2968;-62.7892;-49.0001;
-70.0905;201.711;-71.9882;-72.5085;-69.8022;-54.6865;-70.1684;-67.0601;-78.6799;-66.4426;-53.2106;
-68.366;-69.8801;-25.4578;811.13;-41.4684;-41.2485;1839.23;-70.6389;-68.9353;-52.0768;-46.5331;
-69.9844;-69.8801;-16.7279;1172.02;-42.2175;-40.7192;2801.84;-70.6389;-58.4703;-50.9143;-38.4097;
-70.0905;1312.9;-45.9045;-74.0178;-54.9065;-42.8695;-70.1684;-65.7267;-64.6634;-51.8313;-39.6946;
-70.0905;1521.9;-64.157;-72.5552;-60.7495;-50.4028;-70.1684;-62.8638;-73.5282;-62.3187;-48.7519;
-70.0905;214.724;-71.5936;-72.5207;-69.7727;-54.419;-70.1684;-65.9768;-78.3055;-66.221;-53.0944;
-70.0905;-69.8801;-25.3824;1055.18;-41.687;-41.2539;2367.97;-69.4145;-68.768;-52.0711;-46.4469;
-70.0905;-69.8801;-16.7625;1162.81;-42.538;-40.7573;2775.83;-68.8505;-58.5876;-50.9607;-38.3916;
-70.0905;1184.64;-46.1778;-74.064;-55.9381;-42.9686;-70.1684;-65.0184;-65.0422;-51.9486;-39.7401;
-70.0905;1271.8;-64.8538;-72.6214;-62.6899;-50.6696;-70.1684;-62.6462;-73.9999;-62.5819;-48.8434;
-70.0905;274.235;-71.9046;-72.5059;-69.5234;-54.6057;-70.1684;-65.8429;-78.5576;-66.3791;-53.1515;
-70.0905;-69.8801;-25.3917;892.268;-41.5308;-41.25;2015.29;-70.195;-68.8356;-52.0737;-46.4898;
-70.0905;-69.8801;-16.729;1326.24;-42.3068;-40.7323;3156.32;-70.1587;-58.4705;-50.9302;-38.3989;
-70.0905;1087.89;-45.8254;-74.1059;-55.7986;-42.6821;-70.1684;-66.5139;-64.8455;-51.546;-39.641;
-70.0905;1416.6;-64.337;-72.5763;-61.1535;-50.3984;-70.1684;-64.4947;-73.716;-62.3034;-48.7478;
-70.0905;187.161;-71.636;-72.5149;-69.5946;-54.4142;-70.1684;-68.3569;-78.3851;-66.2193;-53.0989;
-69.1072;-69.8801;-25.3698;762.709;-41.4712;-41.2298;1736.55;-70.6389;-68.7214;-52.0425;-46.4468;
-70.0905;-69.8801;-16.7244;1063.67;-42.3044;-40.7343;2550.59;-70.2511;-58.3927;-50.9313;-38.3891;
-70.0905;906.934;-46.7475;-74.0975;-57.5852;-43.2908;-70.1684;-66.3019;-65.4437;-52.3663;-39.8583;
-70.0905;1140.31;-65.3095;-72.6259;-63.3305;-50.9057;-70.1684;-64.3832;-74.3291;-62.8384;-48.9776;
-70.0905;146.075;-72.2072;-72.5131;-70.1761;-54.7898;-70.1684;-67.9806;-78.7528;-66.522;-53.2131;
-68.8934;-69.8801;-25.4899;769.336;-41.4628;-41.2562;1747.85;-70.6389;-68.9973;-52.091;-46.5667;
-70.0905;-69.8801;-16.7397;1103.12;-42.3073;-40.7257;2641.93;-70.0613;-58.5526;-50.9223;-38.418;
-70.0905;1312.7;-46.1535;-74.0138;-55.3154;-43.0287;-70.1684;-64.8397;-64.8674;-52.0484;-39.7583;
-70.0905;1533.38;-64.3466;-72.5598;-61.0539;-50.5069;-70.1684;-61.5384;-73.6816;-62.4329;-48.8131;
-70.0905;1179.84;-70.0245;-72.3241;-62.8944;-53.8522;-70.1684;-64.4018;-77.7884;-65.8388;-53.0917;
-70.0905;-69.8801;-24.851;997.618;-41.7786;-41.2124;2254.38;-68.6915;-67.9017;-51.9789;-46.064;
-70.0905;-69.8801;-16.7073;1490.39;-42.6066;-40.798;3528.12;-68.9784;-58.1389;-51.0072;-38.295;
-70.0905;1106.12;-45.5741;-74.1273;-55.7674;-42.4745;-70.1684;-65.2991;-64.7239;-51.2542;-39.5466;
-70.0905;1747.11;-63.6908;-72.4993;-59.1238;-50.0973;-70.1684;-63.0952;-73.3705;-62.0017;-48.657;
-70.0905;308.843;-71.1157;-72.5083;-68.826;-54.1218;-70.1684;-66.4211;-78.1061;-65.9801;-53.0369;
-70.0905;-69.8801;-25.2299;951.376;-41.4945;-41.2137;2148.25;-70.479;-68.4799;-52.0097;-46.3386;
-70.0905;-69.8801;-16.7072;1251.04;-42.3025;-40.7432;2982.32;-70.4153;-58.2559;-50.9411;-38.362;
-70.0905;1030.23;-46.0497;-74.1006;-56.2302;-42.8505;-70.1684;-66.8795;-64.9228;-51.7702;-39.6843;
-70.0905;1354.31;-64.5381;-72.5829;-61.5355;-50.5188;-70.1684;-64.911;-73.8248;-62.4347;-48.8001;
-70.0905;218.734;-71.668;-72.5061;-69.3209;-54.4665;-70.1684;-68.7448;-78.427;-66.2665;-53.1228;
-68.8067;-69.8801;-25.3728;739.115;-41.4694;-41.2326;1685.27;-70.6389;-68.7314;-52.0473;-46.4528;
-70.0905;-69.8801;-16.7268;1026.1;-42.3195;-40.7356;2463.78;-70.1556;-58.4065;-50.9329;-38.3905;
-70.0905;952.161;-46.8217;-74.0776;-57.4984;-43.3611;-70.1684;-65.8997;-65.4561;-52.4694;-39.8846;
-70.0905;1173.73;-65.2961;-72.6202;-63.2313;-50.9211;-70.1684;-63.7449;-74.3189;-62.8581;-48.9916;
-70.0905;155.681;-72.2104;-72.5146;-70.2437;-54.7995;-70.1684;-67.091;-78.7497;-66.529;-53.2174;
-69.1496;-69.8801;-25.4847;805.312;-41.4609;-41.2583;1825.53;-70.6389;-68.9951;-52.0942;-46.5681;
-69.8989;-69.8801;-16.7336;1216.85;-42.2118;-40.717;2905.48;-70.6389;-58.5028;-50.9122;-38.418;
-70.0905;1229.03;-45.8617;-74.044;-55.1237;-42.8033;-70.1684;-66.4726;-64.7016;-51.7326;-39.6771;
-70.0905;1496.67;-64.129;-72.5519;-60.6199;-50.3685;-70.1684;-64.0856;-73.5388;-62.2819;-48.7432;
-70.0905;151.87;-71.5991;-72.5243;-69.9248;-54.4055;-70.1684;-67.724;-78.3122;-66.208;-53.0905;
-70.0905;-69.8801;-25.3509;915.11;-41.4879;-41.2364;2066.28;-70.528;-68.6916;-52.0514;-46.4421;
-70.0905;-69.8801;-16.7367;1156.81;-42.411;-40.7461;2763.97;-69.6424;-58.4379;-50.9456;-38.3881;
-70.0905;954.212;-46.472;-74.1183;-57.2208;-43.0852;-70.1684;-65.7455;-65.3285;-52.082;-39.7856;
-70.0905;1223.2;-65.1035;-72.6208;-62.9138;-50.774;-70.1684;-63.5168;-74.2168;-62.6973;-48.9141;
-70.0905;201.699;-72.0673;-72.5108;-69.9135;-54.6911;-70.1684;-66.8152;-78.6777;-66.4448;-53.184;
-68.5768;-69.8801;-25.4678;657.337;-41.467;-41.2472;1506.41;-70.6389;-68.9378;-52.0753;-46.5367;
-69.7783;-69.8801;-16.7372;1239.91;-42.2185;-40.7187;2958.88;-70.6389;-58.4781;-50.9138;-38.4112;
-70.0905;1328.98;-45.7604;-74.0355;-54.8082;-42.7448;-70.1684;-65.2645;-64.6128;-51.658;-39.6549;
-70.0905;1747.97;-63.7577;-72.5083;-59.5183;-50.215;-70.1684;-61.4443;-73.32;-62.1305;-48.7016;
-70.0905;459.282;-71.0498;-72.4928;-68.228;-54.1532;-70.1684;-63.9546;-78.0635;-66.0148;-53.054;
-70.0905;-69.8801;-25.2664;1122.95;-41.8641;-41.2477;2517.31;-68.4421;-68.5784;-52.0478;-46.3349;
-70.0905;-69.8801;-16.7517;1392.82;-42.5334;-40.7653;3305.38;-68.9714;-58.5056;-50.9709;-38.365;
-70.0905;883.688;-46.0591;-74.1859;-57.2451;-42.6978;-70.1684;-65.5337;-65.2749;-51.5365;-39.6591;
-70.0905;1368.99;-64.767;-72.6037;-62.0016;-50.5304;-70.1684;-62.9728;-74.0899;-62.4373;-48.817;
-70.0905;458.013;-71.5028;-72.4744;-68.0233;-54.386;-70.1684;-66.0763;-78.4682;-66.2157;-53.132;
-69.3686;-69.8801;-25.2704;802.401;-41.4472;-41.2198;1824.22;-70.6389;-68.6338;-52.0247;-46.3965;
-70.0905;-69.8801;-16.7113;1198.43;-42.3028;-40.7373;2861.54;-70.3198;-58.3369;-50.9343;-38.3751;
-70.0905;1412.01;-45.7621;-74.001;-54.4759;-42.8023;-70.1684;-64.9484;-64.5045;-51.7458;-39.6576;
-70.0905;1769.01;-63.6774;-72.4999;-59.3621;-50.2112;-70.1684;-61.3888;-73.2278;-62.1301;-48.6934;
-70.0905;1684.02;-68.497;-72.1674;-59.0511;-53.1762;-70.1684;-64.217;-76.9771;-65.3098;-52.9957;
-70.0905;-69.8801;-24.4617;1089.31;-41.9604;-41.1849;2462.66;-67.8103;-67.0903;-51.9084;-45.7301;
-70.0905;-69.8801;-16.6843;1395.15;-42.7687;-40.8472;3304.1;-68.5506;-57.7881;-51.065;-38.2147;
-70.0905;932.989;-45.9484;-74.1452;-56.8034;-42.7145;-70.1684;-66.1834;-64.9334;-51.5622;-39.6052;
-70.0905;1155.73;-64.9539;-72.6394;-62.9984;-50.6344;-70.1684;-65.155;-74.0419;-62.5338;-48.7923;
-70.0905;243.884;-71.8778;-72.4971;-69.1605;-54.5689;-70.1684;-69.403;-78.5607;-66.3533;-53.1363;
-69.4212;-69.8801;-25.3775;623.748;-41.4545;-41.2362;1435.03;-70.6389;-68.785;-52.0547;-46.4742;
-70.0905;-69.8801;-16.7379;942.855;-42.4007;-40.7412;2271.19;-69.6481;-58.4804;-50.9397;-38.3955;
-70.0905;826.97;-47.3113;-74.0874;-58.6747;-43.6284;-70.1684;-65.3368;-65.8649;-52.8291;-40.0006;
-70.0905;1296.56;-65.361;-72.5847;-62.5838;-50.9937;-70.1684;-63.048;-74.4759;-62.9555;-49.0901;
-70.0905;200.054;-72.1236;-72.5089;-69.9871;-54.7881;-70.1684;-66.2471;-78.7775;-66.523;-53.2495;
-68.6315;-69.8801;-25.4773;742.98;-41.4628;-41.2571;1690.96;-70.6389;-69.0034;-52.0919;-46.5636;
-69.3669;-69.8801;-16.7541;1385.66;-42.2144;-40.7161;3295.35;-70.6389;-58.5252;-50.9113;-38.4178;
-70.0905;1419.78;-45.2639;-74.0189;-53.7525;-42.4258;-70.1684;-65.9482;-64.2494;-51.2384;-39.5467;
-70.0905;1679.75;-63.5524;-72.5286;-59.5969;-50.0739;-70.1684;-62.6739;-73.108;-61.9592;-48.5881;
-70.0905;314.667;-71.1558;-72.5123;-68.9584;-54.1497;-70.1684;-65.7761;-78.0305;-66.0019;-53.0126;
-70.0905;-69.8801;-25.2782;960.382;-41.6824;-41.2329;2165.91;-69.4623;-68.53;-52.0329;-46.3478;
